"15","19","30","31","33","39","46","54","57","60","61","62","65","88","89","96","127","141","150","151","159","165","184","185","191","221","229","232","233","255","256","259","262","304","305","310","311","312","313","315","317","321","325","328","329","330","334","1001","1002","1003","1004","1006","1007","1008","1009","1010","1011","1012","1013","1015","1016","1017","1018","1019","1020","1021","1022","1024","1025","1026","1027","1030","1031","1032","1033","1034","1035","1037","1038","1039","1040","1041","1042","1043","1045","1046","1047","1048","1049","1050","1051","1052","1054","2001","2002","2003","2004","2005","2006","2007","2008","2009","2010","2011","2012","2013","2014","2015","2016"
1,17,11,1,2,27,14,5,26,19,26,24,29,2,1,19,14,6,6,7,21,7,5,11,11,3,0,8,0,4,2,10,5,10,10,3,0,0,4,4,6,2,5,0,2,0,0,81,71,10,31,34,8,9,12,88,55,10,134,27,56,69,2,13,4,17,47,105,63,36,19,8,106,6,14,18,36,8,4,34,11,18,24,32,46,10,6,54,8,91,34,69,100,4,28,19,31,33,233,37,77,20,49,5,22,15,8,60,23
10,11,18,7,2,32,12,8,20,12,14,20,13,6,3,12,13,12,13,11,12,7,4,16,7,8,3,9,3,1,4,6,1,0,10,0,0,0,6,1,1,1,6,1,1,0,0,61,116,17,29,31,26,15,16,133,48,20,145,25,56,67,4,30,6,19,76,82,66,53,38,4,60,4,22,16,43,8,15,26,27,21,22,14,22,10,3,43,8,94,40,31,65,27,28,23,33,40,149,54,39,30,38,10,40,14,6,47,66
23,13,14,12,1,71,9,17,9,4,9,7,6,10,12,11,35,11,9,20,25,18,11,31,21,14,2,17,5,6,8,17,7,1,6,4,0,0,5,3,9,3,4,1,1,2,0,54,328,31,19,23,32,24,13,186,49,47,276,56,66,74,10,46,19,40,141,43,75,76,62,9,28,7,33,27,41,24,25,19,38,21,21,10,12,11,10,35,5,35,47,24,46,17,26,66,17,51,72,49,18,41,23,23,60,9,19,16,95
7,4,7,5,0,13,8,4,5,1,4,4,6,6,6,6,15,9,7,9,9,10,5,15,5,12,2,6,3,4,1,2,0,0,5,3,0,0,2,2,1,2,0,0,0,0,0,31,35,10,9,10,13,17,14,71,27,14,74,23,27,30,0,21,4,13,49,10,23,34,26,4,4,7,20,3,13,10,10,9,19,8,4,1,4,10,1,10,3,8,25,9,21,7,20,16,10,21,19,12,5,34,10,6,38,3,11,3,40
8,26,22,2,5,31,17,8,24,18,27,24,31,1,4,19,16,5,6,8,24,11,6,12,14,4,1,8,2,6,2,9,5,9,14,1,0,0,2,3,5,2,11,0,2,0,0,95,88,9,39,43,16,8,17,103,69,8,155,28,71,87,3,22,2,19,44,104,91,49,20,7,108,5,15,13,41,16,3,34,16,23,29,38,50,11,13,52,8,101,48,74,108,5,29,28,37,38,263,44,65,25,53,3,23,16,9,69,31
18,9,17,8,8,53,13,5,10,19,18,21,21,9,9,20,27,15,9,13,11,11,8,21,15,10,2,11,5,6,4,13,4,3,13,2,0,0,0,0,1,2,3,1,1,1,0,85,109,21,26,31,19,13,25,167,62,27,178,33,59,59,4,39,8,24,101,92,91,70,38,4,73,7,20,13,42,9,15,34,26,16,47,26,33,15,4,57,9,91,51,56,73,20,34,23,43,41,162,60,30,36,61,11,25,19,18,46,83
21,14,24,11,1,77,10,11,11,3,11,16,4,15,8,13,26,12,5,24,18,14,10,21,21,14,2,16,1,6,6,14,6,2,7,3,0,0,8,4,7,2,8,4,1,0,0,68,329,31,26,28,36,20,19,209,71,51,276,60,56,72,9,66,15,43,148,48,69,80,62,10,32,9,30,35,37,27,31,13,34,16,16,12,11,20,10,33,9,54,48,43,49,17,20,74,20,59,92,53,21,55,23,15,32,16,14,22,113
4,8,6,10,1,13,8,11,9,1,3,2,3,9,6,4,16,13,10,4,8,8,3,7,7,2,2,6,1,4,2,8,4,2,2,0,0,0,2,0,1,0,2,0,0,0,0,41,35,5,14,14,13,15,17,78,35,17,69,34,41,43,2,31,2,20,55,13,28,33,25,2,5,3,16,5,9,12,12,6,5,10,15,4,2,10,1,15,1,10,26,8,28,8,15,22,8,36,20,23,5,40,8,13,20,2,17,3,41
4,17,18,5,2,28,17,4,14,25,29,25,22,1,4,21,17,8,9,8,15,8,9,10,13,3,1,8,0,7,2,7,5,10,10,4,0,0,1,3,6,1,5,0,2,0,0,114,88,12,28,37,9,7,15,99,57,12,135,30,66,67,6,15,5,20,56,111,79,52,27,8,116,6,19,11,42,14,3,37,18,22,27,42,47,12,9,53,9,112,46,96,112,8,37,26,40,32,274,33,88,30,64,3,10,21,5,67,30
10,15,21,2,7,45,15,11,20,11,25,24,17,8,7,19,23,12,9,16,18,7,3,18,12,6,3,11,4,6,3,11,1,2,6,3,0,0,4,3,2,2,6,4,1,0,0,76,115,25,36,49,30,17,15,145,50,27,165,31,47,54,3,34,5,20,93,84,91,65,38,7,64,6,17,10,35,11,11,35,27,25,19,19,28,11,8,51,9,94,39,53,63,25,36,36,35,45,178,62,40,41,66,10,42,15,10,51,77
17,12,16,15,3,86,17,8,15,5,9,16,8,14,5,18,28,14,10,19,20,21,10,27,23,16,4,21,6,3,12,20,2,5,4,2,0,0,6,0,8,3,10,0,0,0,0,50,365,32,27,32,32,17,25,180,63,45,297,47,72,77,11,67,20,43,138,59,72,98,63,9,30,10,27,40,34,24,29,15,25,14,21,8,25,19,9,22,6,45,50,40,64,20,28,71,24,58,98,57,18,52,33,15,48,19,14,13,113
6,5,11,9,1,12,6,7,8,2,4,6,4,8,5,2,19,11,6,14,12,14,4,15,3,6,0,17,2,5,0,4,5,2,9,2,0,0,1,0,3,2,1,0,1,0,0,37,39,9,19,24,14,11,11,108,29,18,78,16,44,43,2,22,3,22,65,13,30,26,34,2,8,6,9,4,17,14,13,11,17,12,8,5,4,6,0,13,1,14,24,6,31,10,16,23,17,36,23,27,9,37,13,14,37,10,11,5,46
4,19,13,3,3,28,18,5,28,32,27,31,34,3,3,21,13,4,3,8,19,8,3,8,7,4,0,9,2,9,2,9,5,7,11,1,0,0,2,7,7,2,8,0,0,0,0,99,76,7,35,29,11,18,9,107,57,7,140,34,66,70,2,13,6,13,55,112,73,52,12,2,102,5,21,19,41,12,9,42,14,21,22,33,52,7,7,58,7,97,41,78,115,10,22,31,41,31,246,39,81,27,62,3,31,18,10,69,36
12,8,14,7,7,55,13,6,24,9,20,18,21,7,9,16,22,12,13,12,9,12,5,13,11,9,2,10,4,4,2,11,2,1,6,3,0,0,0,3,3,2,3,2,1,1,0,60,116,24,32,50,16,20,9,155,48,21,170,36,58,51,4,30,5,10,105,93,82,73,40,3,69,6,15,16,48,10,8,29,23,17,33,13,40,15,4,38,3,96,34,42,53,21,36,32,45,38,163,56,40,35,63,6,42,17,13,47,52
13,8,18,14,6,79,13,11,15,4,11,12,8,14,6,10,26,10,6,16,19,28,12,25,24,14,3,15,8,8,4,16,3,0,7,4,0,0,5,3,6,0,12,2,1,0,1,51,325,39,33,41,30,22,24,196,64,40,258,48,56,75,6,48,16,31,138,39,79,97,59,12,25,6,27,37,31,15,26,17,37,15,20,7,17,22,9,34,8,47,51,22,53,24,30,74,27,73,81,60,14,49,22,16,59,18,22,19,85
11,5,12,9,2,27,6,10,11,1,5,13,6,6,4,10,15,8,1,19,14,9,4,20,8,5,2,10,4,12,1,15,4,0,6,3,0,0,0,0,4,1,2,0,0,1,0,40,37,8,20,18,21,14,16,98,38,24,71,30,46,36,4,26,0,21,65,17,41,44,44,7,5,9,14,6,13,19,6,12,13,10,14,5,7,15,1,10,1,14,27,3,26,18,22,25,10,30,21,26,4,51,9,5,31,8,10,2,49
1,16,20,7,5,42,14,2,29,26,22,27,36,4,6,28,15,11,6,5,22,7,3,12,14,6,1,8,0,11,5,10,4,5,14,3,0,0,3,4,7,0,10,0,1,0,0,103,76,12,33,44,13,6,9,102,61,9,146,26,55,68,3,19,5,12,55,111,87,60,23,7,104,3,18,15,56,9,5,47,12,20,29,45,51,11,11,49,7,101,40,85,107,5,32,20,39,36,245,46,77,24,74,4,26,21,5,76,31
10,15,18,5,1,44,18,14,19,15,15,16,13,6,6,15,24,7,3,17,15,10,8,22,11,6,3,5,6,6,7,14,1,3,13,3,0,0,3,3,7,2,7,3,3,0,0,76,117,20,30,57,34,18,12,192,56,28,191,28,70,57,10,36,11,22,84,105,92,75,45,3,70,8,20,25,52,10,21,45,29,19,49,23,35,14,6,49,6,112,37,66,76,16,37,42,38,57,189,61,41,44,54,12,48,32,10,46,82
16,7,17,14,6,75,8,16,11,6,8,19,7,10,2,14,24,17,9,19,21,19,6,32,19,18,1,13,10,7,5,19,4,1,8,6,0,3,4,3,6,3,7,0,0,1,0,61,318,38,31,30,34,21,27,206,52,37,234,57,65,69,10,54,13,28,135,60,76,86,53,7,28,7,25,27,30,19,20,17,41,16,19,13,16,16,3,34,8,42,59,21,57,26,26,65,24,48,83,52,21,64,25,14,62,14,20,15,92
14,8,7,6,1,29,2,2,6,3,6,7,5,8,0,3,16,5,7,9,18,6,6,12,1,3,1,6,1,2,0,12,1,0,8,1,2,0,2,2,3,5,6,1,1,0,0,38,38,13,13,16,18,15,5,69,27,11,67,20,27,32,2,15,2,12,57,19,22,23,26,0,14,3,16,7,8,15,15,10,10,9,7,3,5,5,0,4,4,11,28,14,22,16,15,19,16,29,21,35,2,34,5,6,41,13,15,4,41
0,0,2,0,1,2,2,0,3,0,3,4,1,0,0,0,1,0,3,0,2,1,1,0,1,0,0,0,0,2,0,4,0,0,0,0,0,0,0,0,1,0,0,0,0,0,0,8,5,0,1,2,3,4,0,9,3,0,23,1,1,8,0,3,1,1,7,5,4,3,0,1,10,0,1,0,2,1,2,4,2,4,2,0,8,0,1,4,0,6,5,4,3,1,3,3,4,4,9,3,4,1,11,0,3,2,3,2,5
7,1,5,6,6,16,4,3,8,1,4,5,3,3,2,2,7,4,6,5,6,5,1,12,4,4,0,4,2,0,1,4,0,2,3,0,0,0,1,1,2,2,5,0,0,0,0,20,26,5,11,15,10,5,11,42,14,7,57,16,24,29,3,14,1,11,34,22,27,24,10,2,16,2,7,3,8,5,6,6,7,8,4,2,3,7,1,10,0,19,16,14,9,11,11,11,8,25,46,17,16,16,7,0,22,11,8,12,18
13,5,3,1,1,26,2,5,5,1,1,9,3,3,1,3,9,3,3,4,5,4,3,4,5,1,0,8,0,3,1,2,0,0,2,0,0,0,2,1,1,0,2,0,0,0,0,17,22,7,6,13,15,7,8,50,22,8,47,13,18,22,2,6,0,3,32,13,18,25,14,0,14,2,7,1,6,7,2,7,5,4,4,0,6,1,0,5,1,26,13,8,6,7,8,4,9,9,38,15,4,14,7,4,22,11,3,3,21
2,1,4,1,0,9,2,7,3,5,1,4,3,4,4,2,10,4,2,7,4,1,0,11,3,0,0,4,0,1,2,7,1,0,4,1,0,0,1,0,2,4,0,0,0,0,0,19,13,4,4,4,11,7,2,31,20,11,29,14,17,18,1,10,0,6,31,6,13,15,26,0,6,1,5,4,0,7,4,4,11,4,4,2,3,0,0,11,2,2,13,5,12,4,8,7,5,16,13,21,5,10,6,2,26,5,5,1,17
0,1,0,1,2,1,1,0,1,0,0,5,1,0,0,2,1,0,2,0,2,0,0,1,0,1,0,1,0,4,0,2,0,0,0,0,0,0,0,1,0,0,0,1,0,0,0,6,7,0,3,10,4,0,1,7,4,0,11,3,2,3,0,2,0,2,7,3,3,2,6,0,6,0,1,0,4,0,2,0,2,0,2,0,3,0,0,1,0,5,6,2,3,1,1,0,0,3,15,1,4,2,0,0,3,3,1,0,3
15,2,10,6,9,48,9,5,12,3,12,5,6,5,2,4,16,4,3,6,10,18,5,14,6,10,6,10,5,4,3,14,4,2,6,0,0,4,2,1,4,1,5,1,0,5,0,38,25,26,12,32,24,13,11,92,35,22,98,21,39,54,2,31,3,23,47,56,29,49,28,6,23,4,18,9,24,11,9,17,9,15,22,6,5,7,1,19,3,43,26,27,23,13,19,14,12,25,96,40,13,29,8,5,86,29,8,21,36
11,6,3,9,6,33,5,10,18,5,1,7,3,7,6,4,10,6,3,5,14,8,5,14,9,5,2,16,2,5,4,8,1,3,2,3,0,1,2,1,3,1,1,0,0,0,0,42,43,14,17,13,16,13,10,111,36,11,86,31,40,41,4,34,2,14,60,50,29,62,28,1,30,3,8,6,21,8,14,10,15,15,19,5,6,14,5,19,2,45,41,20,25,21,14,24,12,36,78,30,11,32,8,11,51,12,9,13,38
8,2,6,4,0,10,1,3,1,0,2,2,2,2,1,4,10,8,6,10,5,4,7,11,1,0,0,1,4,3,2,3,3,2,3,0,0,0,1,3,6,1,0,0,0,0,0,17,5,10,8,4,6,6,6,45,13,8,34,17,10,16,0,17,0,1,23,7,13,17,10,1,5,3,8,1,7,6,3,5,4,3,6,0,1,1,0,10,5,1,8,3,14,4,13,9,6,10,10,10,3,16,3,6,19,1,6,2,18
4,20,3,3,4,35,20,6,17,24,22,28,42,4,1,22,7,5,10,4,21,7,8,5,15,4,1,8,1,8,2,9,4,11,15,1,0,0,3,5,3,2,9,0,0,0,0,107,121,17,37,50,16,4,10,113,57,11,154,28,69,71,1,17,6,15,53,102,76,62,24,11,113,2,17,14,43,11,2,47,15,23,31,44,44,7,3,40,7,109,43,75,115,6,28,20,44,28,241,46,81,31,66,6,27,20,9,71,26
13,10,27,6,3,35,15,7,15,5,16,36,12,7,6,22,14,10,7,15,11,4,11,22,10,10,1,10,2,6,2,13,1,2,7,4,2,0,2,2,4,1,6,1,1,0,0,61,102,28,36,29,30,9,14,147,46,23,150,23,50,54,3,28,7,16,77,73,73,58,42,0,42,6,17,14,41,12,15,37,20,17,26,12,29,8,4,40,7,66,27,53,58,18,26,28,40,41,167,43,29,30,37,6,48,16,12,52,67
17,12,18,16,5,70,15,10,8,3,10,9,7,9,11,13,19,17,10,21,21,19,12,20,23,13,4,13,9,5,9,13,6,4,10,4,3,5,2,3,7,3,7,1,0,0,0,53,338,36,28,29,30,19,17,190,53,42,267,48,60,60,10,45,12,35,126,38,84,76,52,6,12,9,26,45,25,28,25,13,32,14,20,13,15,16,7,30,6,35,51,16,55,18,20,66,20,62,60,49,15,52,26,13,52,11,12,12,83
5,5,10,1,1,13,0,5,3,2,1,3,6,7,5,6,9,13,4,10,8,7,5,9,7,8,1,4,1,4,2,3,3,0,8,1,4,0,1,0,2,1,1,1,0,0,0,19,31,5,9,21,17,10,11,71,31,15,60,24,28,36,5,12,2,15,48,16,25,33,25,3,6,6,16,3,9,7,12,6,17,10,8,3,6,8,0,11,8,6,21,1,25,11,14,11,15,31,18,18,4,36,6,2,23,6,9,3,47
3,17,10,5,12,30,17,4,27,25,16,27,28,3,3,21,15,9,9,5,27,10,3,8,15,3,0,7,0,8,1,6,4,11,17,3,0,0,4,6,7,2,8,1,0,0,0,107,86,16,44,38,15,7,15,103,78,10,139,28,57,81,2,15,4,17,63,93,75,72,21,10,110,6,24,21,42,13,3,49,18,19,33,36,41,11,12,54,7,125,44,74,114,9,30,23,50,36,263,44,73,26,71,7,30,17,10,71,35
8,7,10,7,10,36,12,13,16,12,16,19,15,4,7,10,25,11,9,13,10,8,6,22,9,6,2,10,4,3,1,8,1,2,7,3,0,2,2,1,2,1,3,0,3,0,0,44,89,27,28,41,28,10,6,151,48,11,142,25,47,52,5,29,4,13,68,57,67,41,31,6,49,7,14,13,45,11,3,16,23,12,16,11,16,14,4,43,6,70,37,46,49,13,24,22,31,23,121,48,32,33,34,12,26,12,6,30,52
19,21,15,12,5,70,13,15,15,4,10,19,5,9,7,10,21,13,15,12,18,16,8,25,22,12,2,16,6,5,7,8,7,3,12,5,4,2,2,3,6,0,7,2,1,0,0,44,344,56,25,30,30,22,22,189,52,39,270,56,58,72,9,50,13,36,134,43,68,75,47,12,14,14,38,40,39,26,20,12,30,10,14,9,12,15,6,32,6,43,38,27,39,22,26,62,20,42,81,51,14,56,28,14,48,20,8,17,92
5,8,12,4,2,14,3,3,3,0,6,2,4,3,9,7,7,5,6,11,9,5,3,10,3,5,1,7,3,1,0,6,1,0,1,0,2,1,2,1,2,1,2,0,0,0,0,24,36,8,10,12,10,11,8,69,34,15,52,23,28,35,2,11,2,9,52,7,20,20,21,3,1,4,7,7,8,9,13,7,4,3,9,4,5,5,0,7,0,10,23,4,15,9,15,11,8,33,10,16,4,32,10,2,32,4,8,3,36
2,6,6,4,2,15,8,3,18,11,15,16,20,1,1,12,1,3,7,5,12,6,4,12,10,2,1,4,0,3,3,4,2,7,5,0,1,0,1,2,0,2,5,1,0,0,0,48,42,10,18,19,8,6,6,69,32,6,69,13,41,39,1,6,1,9,24,65,40,29,14,3,49,2,14,10,26,10,2,23,11,18,12,21,29,7,2,36,10,54,17,40,56,1,19,9,18,13,135,22,38,16,38,4,18,3,8,39,28
6,3,7,4,1,17,6,5,17,7,8,7,10,6,10,6,16,6,0,9,6,3,2,9,4,4,2,3,4,2,1,9,1,1,1,1,1,1,2,2,2,1,4,2,0,0,0,35,57,16,20,27,16,13,1,76,30,12,90,14,31,39,3,15,2,12,44,40,45,22,25,2,28,5,15,1,26,2,10,22,24,6,11,9,17,6,4,26,2,43,24,24,32,14,24,18,22,19,58,32,29,24,38,4,20,4,3,22,41
12,9,11,6,4,51,5,9,12,4,9,16,7,9,10,7,15,9,8,16,10,10,10,23,21,12,1,8,5,4,5,7,3,3,4,5,3,2,1,1,6,0,7,1,0,0,0,35,264,44,17,21,25,16,20,136,38,31,227,43,49,49,3,41,11,29,114,34,54,67,43,8,14,7,16,33,18,16,26,6,27,15,13,6,17,12,6,23,4,37,39,14,41,17,24,45,14,35,56,59,14,47,13,7,46,13,9,7,89
7,4,11,9,0,11,9,8,2,1,2,4,3,8,5,3,15,11,2,9,4,2,4,11,8,5,0,3,3,4,1,8,4,0,2,1,2,1,4,2,4,2,0,1,0,0,0,20,27,11,10,12,15,9,18,86,32,12,52,30,20,33,4,15,1,8,61,10,25,30,20,5,8,6,12,4,7,15,10,9,11,7,3,2,3,7,1,10,2,9,21,7,26,8,15,16,13,27,13,20,5,27,5,2,35,10,10,5,39
3,16,18,5,4,24,17,6,26,23,28,29,36,4,6,18,15,7,9,7,25,8,7,9,10,4,0,8,2,5,2,12,3,12,18,0,0,0,1,5,3,2,5,0,1,0,0,96,80,30,42,41,16,10,14,103,67,12,145,28,70,81,3,22,3,18,62,114,85,61,19,9,104,4,19,22,51,14,1,54,14,26,28,40,44,8,8,62,7,96,41,80,106,3,36,24,53,40,280,47,78,36,66,3,35,23,5,67,34
7,11,22,5,6,39,13,16,17,12,23,23,24,11,11,15,34,16,9,18,14,8,12,23,8,5,2,14,1,5,4,12,2,2,10,7,2,0,3,6,3,1,8,1,3,1,0,58,122,30,31,26,31,16,13,175,55,26,190,30,68,56,3,48,7,18,90,96,87,76,34,5,59,8,24,21,62,17,17,32,30,15,23,19,29,21,5,45,10,89,34,46,70,22,24,29,48,50,191,82,33,28,60,14,47,15,13,53,65
20,9,17,12,7,69,12,13,12,10,10,20,6,14,15,10,31,15,5,19,26,22,14,27,22,20,3,14,1,0,7,18,5,1,10,4,2,1,1,3,7,3,6,1,0,0,0,53,340,77,27,25,34,19,17,201,54,51,273,77,52,79,14,51,13,41,151,55,70,96,58,14,24,9,28,32,28,27,26,19,31,21,15,13,18,21,3,37,12,58,48,27,58,38,25,63,19,66,94,53,14,49,21,8,66,18,14,13,84
17,7,11,11,0,22,3,15,7,5,2,10,2,7,7,10,13,8,13,12,8,11,7,19,8,7,1,10,3,2,4,12,2,0,7,1,3,3,3,1,3,4,3,1,1,1,0,49,46,12,14,21,18,15,15,86,30,19,94,36,41,43,2,24,1,15,70,15,41,43,15,1,8,4,12,6,11,9,13,18,22,5,8,8,5,12,1,15,2,4,30,8,26,8,21,17,16,35,27,22,11,37,10,8,39,11,15,2,54
3,18,6,3,3,21,13,3,27,24,27,23,30,2,3,23,17,7,8,8,26,10,3,7,10,4,0,7,1,9,2,8,4,7,23,2,0,1,2,4,7,1,7,1,2,0,0,89,72,33,38,26,17,6,9,105,55,17,142,32,67,76,5,19,2,15,62,115,73,54,23,10,113,7,22,14,53,16,4,45,11,22,26,38,47,9,7,59,9,102,37,63,102,7,23,26,39,37,254,50,73,26,68,6,26,23,5,57,40
14,15,21,5,7,28,19,12,23,8,21,18,15,8,11,19,25,6,8,17,22,9,8,21,11,11,6,15,6,7,4,9,6,0,6,5,1,4,3,2,4,2,5,2,2,1,0,66,129,52,35,25,32,21,13,147,64,28,191,37,55,56,7,34,8,31,104,109,95,86,41,5,76,8,18,21,48,14,14,33,28,31,37,19,41,15,4,41,6,106,34,60,72,23,39,33,34,54,219,69,46,28,49,8,55,21,14,49,61
16,12,15,14,2,70,12,11,17,6,8,19,10,16,14,10,29,12,4,22,15,16,9,30,22,16,2,9,4,4,7,11,4,1,12,5,5,3,3,3,11,0,3,0,2,3,0,62,323,53,21,21,43,16,16,210,58,47,295,50,74,74,9,52,14,37,142,48,76,88,57,7,26,11,27,26,28,23,20,20,39,20,20,10,13,19,5,27,11,47,49,21,51,20,38,61,17,54,89,65,13,51,30,13,63,29,17,12,97
11,4,5,8,1,18,9,3,6,3,2,9,2,2,7,5,14,6,5,10,13,5,5,8,5,4,1,7,3,4,2,4,0,2,6,1,2,0,0,1,3,7,1,2,0,0,0,50,33,18,15,13,13,15,12,76,28,3,69,20,33,32,2,19,1,19,54,14,19,34,22,5,5,1,15,8,12,9,9,11,11,7,8,4,0,4,1,12,2,9,26,8,22,11,25,17,12,37,26,25,7,25,8,9,29,5,9,7,38
1,1,3,0,0,2,2,1,7,0,3,2,0,1,1,1,4,2,3,3,1,2,2,1,0,2,1,0,1,1,0,4,0,0,2,1,0,0,1,1,1,0,0,0,0,0,0,8,15,5,8,14,7,6,1,19,12,1,32,5,6,10,1,8,2,3,8,10,14,7,3,0,11,0,1,1,2,2,3,5,6,8,2,1,11,2,2,12,0,11,8,3,5,1,4,11,7,6,26,16,10,2,16,0,15,4,1,4,5
7,4,14,15,6,40,12,5,16,9,10,11,3,5,6,11,17,10,9,11,15,9,8,21,4,4,3,10,5,5,2,8,3,8,6,1,1,0,2,1,5,3,5,0,0,1,0,54,57,25,16,15,23,14,17,113,38,15,135,34,51,62,2,32,0,16,68,50,42,66,48,6,20,3,14,6,18,4,10,20,19,11,15,4,9,12,3,16,3,49,46,32,44,19,14,13,18,35,93,45,21,26,18,6,31,27,4,21,62
8,2,5,3,6,13,2,3,8,0,4,14,1,3,4,1,12,6,3,4,8,5,1,4,4,3,0,7,1,2,2,7,1,0,4,1,0,1,1,0,3,2,2,0,2,0,1,32,38,7,3,10,16,5,4,69,23,14,57,24,20,34,3,23,0,14,50,35,23,55,21,7,18,5,14,3,21,4,4,5,8,5,8,2,2,6,3,5,1,34,18,16,15,8,14,19,6,25,55,27,10,16,12,7,29,5,9,11,32
2,0,6,0,0,10,6,1,5,0,0,1,2,3,4,1,5,2,3,1,6,4,3,5,2,1,0,1,0,0,0,6,0,0,1,0,0,0,0,0,1,1,0,0,0,0,0,11,8,6,6,1,4,6,4,39,6,11,19,13,11,12,0,7,0,4,13,1,4,11,13,0,7,2,4,1,5,3,0,2,4,1,2,1,1,5,0,9,2,6,8,2,10,5,6,12,3,17,5,16,3,6,4,3,13,0,2,2,13
0,0,0,0,0,0,0,0,0,0,0,0,0,0,0,0,0,0,1,1,0,0,0,0,0,0,0,0,0,0,0,0,0,0,0,1,0,0,0,0,0,0,0,0,0,0,0,1,0,0,0,0,0,0,0,4,0,0,1,0,0,0,0,0,0,0,0,1,0,1,0,0,2,0,0,0,0,1,0,1,0,0,1,0,1,0,0,0,0,1,0,1,0,0,0,0,0,0,0,2,0,0,0,0,1,0,0,2,0
1,0,1,1,1,4,1,0,1,0,0,0,0,0,0,0,1,0,0,1,0,0,0,2,0,0,0,0,0,0,3,1,0,0,0,0,0,0,0,0,1,0,0,0,0,0,0,2,0,3,0,1,0,2,0,15,1,1,3,3,2,3,0,4,0,1,4,1,4,8,0,2,1,0,0,0,0,1,1,2,0,0,3,0,1,2,0,1,0,2,2,3,3,1,1,1,0,2,4,3,0,2,1,2,3,1,1,2,0
0,1,2,1,1,3,3,0,2,0,2,1,0,0,2,0,1,1,0,3,1,1,0,2,0,1,0,0,0,0,0,0,0,2,0,0,0,0,0,0,0,0,3,0,0,0,0,4,4,1,0,2,5,1,0,11,6,3,6,1,0,5,0,1,0,0,2,1,0,4,2,1,3,0,0,0,1,1,1,0,2,0,0,1,0,1,0,4,0,4,0,0,2,0,1,3,1,1,4,1,0,2,1,0,3,0,2,5,1
1,0,0,0,0,1,1,0,0,1,0,0,0,0,0,0,0,1,0,0,0,3,0,0,0,0,0,0,2,0,0,0,0,0,1,0,0,0,0,0,1,0,0,0,0,0,0,2,1,0,0,2,4,0,2,5,2,1,4,1,3,5,0,2,0,0,5,0,1,3,1,0,2,2,0,0,1,0,0,0,0,0,0,1,0,2,0,1,1,0,1,1,2,2,3,2,1,0,4,3,1,5,0,0,2,0,1,1,0
3,17,12,4,3,20,9,6,26,21,22,24,31,2,2,16,12,6,6,5,13,7,2,5,7,5,1,8,0,8,0,9,2,4,10,2,0,1,1,2,6,2,10,0,0,0,0,84,94,27,34,40,10,14,13,82,44,11,121,24,61,64,2,19,4,14,47,96,65,48,18,6,103,4,18,13,41,12,2,32,12,23,15,32,33,8,5,48,6,93,27,69,72,6,23,19,39,31,198,32,57,26,45,4,28,22,8,52,23
10,12,20,5,2,39,8,8,26,7,15,24,15,13,4,19,21,6,6,12,10,6,6,17,7,10,4,12,4,5,1,10,0,0,6,2,2,0,2,1,3,0,4,3,1,0,0,54,106,38,16,73,32,11,15,142,50,16,124,29,54,42,4,33,4,14,81,71,79,59,36,2,47,11,22,15,34,11,15,27,12,14,28,15,22,18,9,32,7,80,34,41,58,19,32,28,41,37,137,42,34,30,45,4,45,10,14,39,52
18,11,13,19,1,58,14,6,15,4,8,21,5,9,6,13,34,16,8,19,21,20,8,28,18,14,0,16,6,7,6,17,5,1,8,6,2,2,7,1,7,2,9,1,0,1,0,48,330,56,31,32,37,17,21,196,63,48,256,59,59,79,12,44,14,50,117,31,74,73,55,9,24,10,23,30,23,22,26,15,32,18,14,7,9,15,7,22,6,44,39,20,54,22,26,64,25,64,72,54,13,53,30,20,57,13,16,18,83
6,2,11,5,0,6,5,8,3,0,4,3,7,6,8,6,10,9,3,20,14,5,3,12,3,10,1,14,3,6,1,6,3,0,6,0,1,1,1,2,3,3,1,0,0,0,0,32,39,10,9,14,9,14,12,66,21,12,67,22,31,43,2,15,3,10,60,8,30,33,21,3,6,7,10,6,12,5,13,11,17,9,8,3,8,11,0,13,4,5,22,3,20,14,21,10,13,26,21,20,6,28,8,9,38,11,7,2,39
10,19,15,3,8,21,10,5,32,25,22,25,35,1,3,23,8,10,14,5,24,7,4,5,17,2,0,8,0,4,1,5,1,12,15,0,0,0,1,7,6,3,9,0,2,0,0,97,87,34,49,64,16,7,13,110,67,9,140,29,79,74,2,14,4,19,57,120,90,58,25,5,98,4,20,17,49,14,2,46,11,19,28,41,37,10,9,53,7,122,42,98,117,5,30,26,36,39,254,49,80,28,54,6,28,21,6,68,35
8,11,19,6,0,37,7,9,15,12,13,18,21,7,8,19,20,9,12,9,8,6,8,19,4,6,3,5,2,4,3,8,5,2,5,5,2,1,0,2,4,2,3,1,1,0,0,51,88,34,22,56,28,15,3,133,51,19,132,30,43,59,7,25,6,17,63,76,64,60,35,4,57,8,15,11,28,6,7,35,20,17,27,14,18,10,7,39,6,63,39,54,59,12,43,28,31,33,135,50,27,37,45,1,36,11,11,39,55
1,0,1,2,0,4,0,1,1,0,1,4,0,0,1,2,0,0,1,2,5,2,1,2,3,1,0,0,1,0,1,3,0,1,1,0,0,0,0,0,0,0,1,0,0,0,0,4,32,8,1,4,2,2,1,14,2,3,24,0,5,5,0,4,2,4,8,3,5,5,10,1,0,0,0,5,1,3,2,3,4,2,1,0,4,1,2,1,1,3,4,3,4,0,3,4,0,7,2,4,0,6,3,1,8,0,1,0,5
1,2,1,1,0,2,2,2,2,0,0,0,1,3,2,2,4,1,3,3,4,1,2,1,3,0,0,3,0,3,1,0,0,0,0,0,0,0,0,0,1,0,0,0,1,0,0,7,6,3,5,1,2,4,3,16,10,4,16,4,6,7,1,5,1,3,15,2,12,8,6,1,0,0,2,1,0,2,1,0,6,0,0,2,0,0,0,1,0,2,5,0,6,1,4,6,3,5,3,4,1,12,3,4,7,1,3,0,8
1,13,21,5,2,25,19,8,34,18,28,15,34,3,3,23,14,4,6,4,28,10,5,11,10,5,0,7,1,9,1,7,2,12,13,1,1,1,2,4,4,2,8,0,1,0,1,94,108,33,37,58,11,12,14,116,62,7,142,28,61,70,3,16,6,16,57,65,80,67,25,8,105,4,24,20,42,16,4,29,11,24,21,18,34,12,7,48,9,91,49,46,106,6,45,24,42,38,284,46,74,34,52,6,27,26,6,68,31
9,14,12,6,11,47,6,15,17,27,26,20,19,12,11,17,33,10,12,20,23,5,10,21,11,8,4,11,2,5,6,9,5,0,13,4,1,2,6,0,3,3,7,1,4,1,0,59,121,44,41,54,32,14,5,158,63,23,174,32,61,53,3,42,7,26,82,93,86,67,43,5,73,9,20,9,45,16,13,24,24,20,29,21,31,10,9,43,10,97,53,45,80,6,37,36,32,46,182,56,40,38,75,14,49,26,23,54,55
24,10,12,24,4,65,10,13,20,4,8,19,6,11,14,13,31,11,14,27,21,19,13,32,17,14,4,18,3,8,5,13,4,2,7,2,4,2,5,2,6,2,9,3,0,0,0,46,344,78,28,33,32,17,24,200,55,61,285,52,58,93,10,61,10,60,124,54,91,80,63,13,30,6,27,32,23,24,25,25,46,13,16,7,14,24,5,29,5,49,54,37,66,30,23,64,21,68,82,54,12,46,28,15,57,10,16,20,103
13,6,12,5,1,11,11,9,7,3,4,8,4,2,11,6,12,12,8,9,11,8,6,14,9,7,2,17,4,6,2,10,4,1,4,4,0,1,1,0,1,2,2,0,1,0,0,41,58,12,18,7,13,20,10,106,41,16,76,35,27,26,4,27,2,12,79,15,39,30,21,3,5,2,11,8,13,13,16,10,23,10,16,3,3,14,1,16,3,14,27,7,30,15,34,28,9,34,28,34,2,42,10,9,32,8,10,4,55
5,13,20,4,5,24,12,3,29,20,27,22,41,2,1,17,14,6,5,7,15,7,4,14,16,7,1,7,1,6,1,8,2,8,16,3,0,1,2,6,3,2,7,0,0,0,0,82,91,32,37,44,7,6,6,96,55,7,132,29,68,65,3,14,4,22,47,114,81,55,28,6,83,0,20,18,40,6,3,35,18,22,20,34,32,11,10,48,8,99,29,66,114,5,38,18,35,33,258,41,73,32,52,7,31,20,10,72,32
18,8,14,9,5,46,14,11,17,11,21,20,23,9,6,14,25,14,9,16,13,8,5,16,5,5,5,10,4,3,5,10,3,3,11,4,1,1,9,4,5,2,3,1,1,2,0,59,134,46,24,83,31,11,15,152,48,22,150,21,52,61,2,37,5,22,73,87,78,58,36,7,66,7,21,15,36,10,9,32,26,26,25,23,38,13,5,41,4,80,30,57,75,13,30,30,24,47,173,55,44,29,52,8,49,22,16,50,72
11,9,15,18,1,60,14,10,19,4,8,16,8,14,10,7,27,11,4,23,15,16,13,25,16,21,2,21,3,10,6,12,1,0,7,4,1,1,5,4,8,2,8,1,0,1,0,47,314,77,22,42,22,12,17,173,42,40,242,50,50,69,7,38,7,54,105,49,67,70,38,5,26,18,23,29,35,16,25,23,34,13,13,6,7,12,5,29,5,43,51,24,59,25,24,67,13,64,83,62,26,47,19,10,53,18,17,14,109
10,5,4,6,1,18,7,7,5,4,5,14,2,5,2,8,19,7,1,18,16,9,7,16,3,8,0,9,3,8,0,8,4,0,8,2,0,1,3,1,4,1,3,0,1,0,0,23,42,16,17,17,12,16,12,69,33,17,72,24,25,28,4,20,2,20,74,11,33,35,26,6,3,3,12,4,11,10,11,12,14,9,7,3,6,14,0,6,3,17,30,6,32,14,26,18,10,33,23,25,1,30,9,14,29,5,8,3,42
3,16,13,5,4,25,11,4,28,21,17,21,34,1,2,25,6,6,3,3,11,9,6,10,14,7,0,8,1,9,1,4,3,7,13,1,0,0,1,5,8,2,8,0,2,0,1,80,81,41,24,39,9,4,7,107,46,18,120,30,62,75,3,13,3,19,44,103,76,59,15,6,96,3,12,17,35,2,3,36,4,13,20,31,32,10,3,30,6,95,31,65,103,5,32,14,36,35,239,50,70,26,53,7,18,15,8,61,21
14,12,18,4,5,25,7,7,20,14,14,20,9,6,6,12,16,5,6,18,9,6,11,19,10,6,2,12,3,5,2,5,1,3,10,3,1,0,5,2,7,2,3,3,1,1,0,53,94,38,22,47,19,14,8,118,40,15,127,23,39,54,4,31,5,18,71,89,53,43,36,4,45,7,15,17,39,6,9,18,17,8,17,13,31,7,4,36,4,65,37,45,53,8,22,22,18,30,124,39,20,39,39,9,42,24,13,40,66
3,1,3,4,0,12,2,3,2,2,1,1,0,0,2,2,5,3,2,3,4,5,1,8,7,0,1,2,1,0,1,3,1,0,2,1,1,0,0,0,4,2,1,0,0,1,0,11,78,13,6,6,7,2,4,39,11,4,74,13,6,12,2,5,2,11,22,8,28,12,17,2,2,1,4,7,3,4,5,4,9,1,1,1,3,1,0,2,2,6,9,2,12,3,11,15,6,8,18,16,2,14,3,3,11,3,3,4,20
4,1,4,0,1,4,3,3,3,1,0,1,1,6,3,1,1,0,5,2,6,4,1,2,0,0,0,2,0,2,2,0,1,0,2,2,0,0,2,0,0,3,0,0,0,0,0,9,12,5,7,4,7,4,7,27,15,5,36,11,9,12,1,8,1,7,23,4,5,15,12,2,1,2,4,3,4,2,9,2,2,0,1,1,2,4,0,5,0,0,6,4,10,5,3,9,3,12,4,7,2,17,3,6,21,3,2,1,11
3,0,3,0,0,1,4,0,4,1,2,3,2,0,1,2,3,0,5,0,2,1,1,1,0,1,2,1,0,1,0,2,0,0,0,0,0,0,0,0,0,0,2,0,0,0,0,5,11,3,4,10,7,0,0,16,6,1,28,3,3,8,2,4,0,0,7,9,8,7,2,1,6,1,1,2,4,2,1,5,2,4,1,1,8,2,0,6,0,8,10,6,5,3,3,3,4,9,25,7,8,6,9,0,8,5,1,1,4
9,8,6,5,7,27,7,6,4,10,12,16,6,8,7,6,16,6,8,14,12,7,1,8,7,7,3,13,1,3,0,8,0,3,0,2,3,0,1,1,6,1,4,2,0,1,0,25,36,28,14,17,20,10,9,82,30,19,120,29,29,34,3,26,2,5,49,48,40,54,21,5,30,5,9,3,13,14,9,16,16,9,12,7,10,2,0,21,3,61,28,36,44,17,12,21,12,35,100,40,10,21,17,6,41,17,13,15,47
6,2,5,4,5,29,6,7,7,3,1,9,2,5,6,5,9,4,5,8,5,5,3,9,4,11,0,10,3,0,3,6,3,4,3,3,1,0,1,1,1,1,2,0,0,0,0,30,41,27,15,17,19,5,5,95,30,10,65,17,30,31,2,29,0,12,45,29,29,34,37,7,15,7,20,5,9,8,14,9,17,10,0,6,7,9,2,7,1,28,30,18,24,16,16,13,7,25,76,29,4,30,8,14,28,17,12,11,39
7,2,3,2,2,6,4,4,3,1,0,2,2,3,5,1,8,4,7,10,5,7,2,6,0,1,0,3,0,4,1,5,2,0,7,1,0,1,0,1,4,1,0,0,0,0,0,22,14,6,5,10,5,5,5,55,10,9,31,13,16,16,3,10,0,6,34,11,9,14,13,1,4,4,8,4,3,5,3,15,11,5,4,3,0,3,0,7,0,7,10,6,11,8,9,11,7,12,12,14,2,15,6,2,18,4,5,1,16
0,0,1,0,1,0,2,0,1,0,0,0,0,0,0,0,0,1,3,0,0,0,0,0,0,0,0,0,0,0,0,0,0,0,0,1,0,0,1,0,0,0,0,0,0,0,0,1,1,1,0,1,3,0,0,2,0,0,8,2,2,1,0,2,0,1,1,2,2,1,2,0,2,0,0,0,0,0,0,2,1,0,0,0,1,1,0,0,0,6,1,4,4,0,1,0,0,1,13,3,3,1,1,0,3,0,0,0,3
3,3,3,1,1,8,3,2,1,1,1,4,0,0,2,1,1,1,1,2,2,3,2,6,0,1,1,3,0,0,0,1,0,1,0,0,1,0,0,0,1,0,0,0,3,0,0,4,7,4,2,2,2,0,2,18,7,1,13,2,5,10,0,2,0,2,9,5,11,8,3,2,3,2,0,3,4,2,1,1,0,1,5,0,4,0,0,4,0,3,5,6,3,2,8,4,2,9,12,6,1,3,2,0,3,1,0,4,6
0,1,1,0,0,3,1,0,3,0,0,0,0,1,1,2,2,1,3,4,2,1,0,2,1,2,0,2,0,0,0,0,0,0,2,0,0,0,2,0,1,1,0,0,0,0,0,4,6,2,4,6,7,2,3,23,11,5,17,6,8,14,1,0,0,3,12,3,15,10,6,0,10,0,3,1,2,2,3,3,2,2,6,2,2,1,1,8,0,3,4,1,7,1,2,6,2,6,9,8,5,10,2,2,4,1,2,2,10
0,1,2,0,0,5,0,2,1,0,2,1,0,2,0,2,3,1,1,5,3,2,2,2,0,2,0,0,2,1,2,0,1,0,3,3,1,0,1,0,1,1,0,0,0,0,0,7,2,6,4,6,5,2,4,19,12,4,18,0,14,6,1,10,1,3,21,2,7,11,6,1,2,0,4,1,3,2,1,6,3,1,3,1,1,1,0,0,0,6,4,3,4,2,7,5,5,12,8,7,1,7,3,9,10,2,4,2,5
2,19,12,2,3,23,8,3,20,23,24,27,32,2,4,27,14,6,9,3,20,7,4,7,5,4,2,6,0,7,2,12,2,7,7,2,0,0,2,6,6,2,14,0,2,0,0,94,87,30,44,62,10,8,10,100,43,8,118,32,64,58,3,12,2,13,46,99,89,54,17,8,92,4,14,21,42,9,2,41,10,24,26,33,37,12,9,55,8,105,35,72,108,4,30,25,44,38,252,34,79,28,54,6,25,19,10,70,26
9,18,13,11,2,28,20,9,20,12,24,15,15,8,6,11,27,10,10,18,7,10,9,18,12,4,1,4,2,8,3,6,2,4,5,3,2,3,5,2,2,1,5,1,1,1,0,53,115,34,28,63,21,15,9,145,44,21,155,32,47,52,4,24,4,22,91,73,82,73,26,4,72,9,19,11,34,7,16,27,30,16,20,18,34,9,6,32,8,78,30,40,56,16,46,34,17,42,177,57,29,24,62,8,52,12,12,49,58
25,15,19,22,5,68,8,16,16,5,8,11,9,14,10,19,32,15,9,26,20,19,10,24,24,18,3,21,10,9,7,17,7,2,10,1,4,2,4,2,11,4,5,1,0,1,0,55,321,65,34,38,29,20,23,196,61,41,277,61,69,72,10,44,14,44,135,46,91,89,47,12,29,8,28,43,21,23,23,16,39,22,24,10,17,22,7,27,7,55,54,25,61,22,28,83,17,57,72,49,9,59,31,18,46,14,22,13,118
5,5,9,5,2,9,5,10,7,0,2,5,3,7,10,5,20,13,8,15,11,6,5,12,13,5,0,12,2,4,3,4,3,0,5,3,0,0,1,2,0,2,2,0,0,0,0,24,25,14,17,17,20,11,17,89,26,25,48,28,31,35,2,19,2,15,71,16,37,25,32,6,8,6,12,11,10,9,11,12,26,10,3,3,6,10,0,13,4,8,28,4,21,14,19,24,13,26,27,26,8,31,7,20,29,5,5,4,47
2,10,13,1,1,12,12,4,19,16,23,17,28,0,4,15,7,7,9,3,18,5,2,9,9,6,0,9,0,4,2,9,2,9,9,3,0,0,1,7,3,2,10,0,0,0,0,69,65,22,36,53,9,10,11,79,41,6,94,17,52,45,1,16,3,14,23,80,71,40,18,8,88,2,15,18,34,10,5,32,9,16,19,24,40,6,9,42,8,66,20,57,88,4,32,23,31,18,196,28,63,23,41,5,21,14,7,55,21
1,5,2,2,1,2,1,3,3,3,2,2,2,3,1,2,2,1,2,3,2,2,0,8,1,1,0,1,0,0,2,4,0,1,1,0,1,1,1,1,1,0,1,0,0,0,0,12,31,6,4,16,7,0,3,30,8,4,30,10,12,15,1,7,3,5,18,11,18,11,5,0,11,3,3,7,5,4,1,5,10,2,6,5,2,1,2,8,0,12,9,6,9,3,9,10,4,4,17,9,7,8,11,1,10,2,2,6,8
10,8,3,5,0,42,5,4,5,0,5,7,3,5,5,10,14,4,9,10,14,9,3,14,13,6,1,9,2,4,2,5,0,2,7,1,1,0,3,2,6,3,4,0,0,1,0,21,184,35,12,20,10,6,10,91,21,19,150,22,25,37,6,20,9,20,63,18,40,38,31,3,8,3,11,17,15,13,5,5,23,9,11,8,8,7,4,11,4,19,15,13,21,14,12,37,5,33,45,19,5,34,18,9,28,3,11,4,54
7,1,4,4,0,9,4,4,2,2,4,4,1,8,5,5,12,12,6,9,10,4,6,11,3,5,0,5,2,2,2,5,1,2,2,0,0,0,0,0,4,2,0,0,1,0,0,17,23,9,13,14,8,10,7,50,15,8,55,17,22,28,0,9,0,8,42,9,27,23,13,0,4,4,7,4,6,4,6,9,5,10,5,2,2,5,0,7,1,4,12,3,13,4,14,16,7,28,21,7,5,18,13,8,31,0,9,2,30
0,9,6,2,1,5,8,2,18,11,10,8,10,0,1,8,6,1,7,2,6,3,4,5,4,1,0,1,0,2,0,6,3,5,7,0,0,0,0,2,1,2,7,0,0,0,0,48,41,10,19,27,7,7,2,38,21,4,50,12,28,27,0,7,2,10,15,55,29,21,7,2,44,1,10,6,26,10,0,19,9,8,8,23,23,5,4,37,4,43,14,38,44,3,17,11,14,16,111,13,33,16,24,2,13,6,3,31,9
8,3,4,0,0,10,3,3,6,4,3,6,4,4,5,4,10,7,6,4,5,5,4,14,7,1,2,4,0,2,1,1,0,1,2,0,0,1,3,0,2,0,2,0,0,0,0,27,45,17,9,35,9,8,3,48,16,9,52,10,15,21,3,5,3,7,41,29,30,24,2,0,25,4,5,6,17,2,3,11,11,7,7,7,10,1,0,17,6,26,17,22,23,8,21,18,15,15,55,21,19,11,21,6,19,5,5,14,26
11,7,13,14,3,35,5,11,12,5,7,12,6,16,12,14,29,16,5,13,16,9,8,24,12,10,1,12,4,5,6,12,2,3,8,7,2,1,4,2,5,2,8,1,1,0,0,45,272,59,23,24,23,17,8,143,46,34,201,38,53,60,7,33,13,29,93,21,68,62,34,4,22,6,20,33,30,20,24,13,39,10,18,6,12,11,8,26,6,30,40,21,44,19,28,44,17,47,59,51,12,47,18,13,47,10,12,14,78
7,3,13,4,1,8,8,11,5,3,1,6,5,6,5,7,15,1,7,14,7,7,2,10,9,4,0,11,2,5,0,3,1,1,4,1,2,3,1,0,2,1,2,0,0,0,0,30,27,11,11,12,16,9,14,84,27,12,64,27,34,31,2,28,4,9,65,10,36,30,20,6,5,5,11,3,6,9,8,10,16,11,4,1,4,7,0,6,1,3,14,6,21,15,16,13,8,33,12,24,5,31,6,5,29,6,12,1,42
2,22,15,6,4,21,14,4,25,25,29,20,35,2,6,23,10,11,8,4,13,4,9,11,9,2,0,5,1,8,3,13,3,10,12,5,0,1,6,1,6,4,13,0,2,0,0,96,87,31,48,58,11,12,9,103,63,19,154,36,72,46,2,14,5,17,41,109,74,55,25,9,103,7,21,14,42,15,2,41,15,32,25,30,51,13,9,57,9,106,43,73,108,9,25,24,41,38,254,35,78,25,72,8,25,18,8,78,25
13,17,15,8,8,26,9,13,15,16,19,26,19,9,7,22,28,10,9,13,10,11,4,26,6,7,6,15,2,6,3,14,1,1,10,3,3,3,4,7,11,0,5,1,2,1,0,82,125,42,31,69,36,20,18,158,53,23,167,48,64,89,1,40,7,23,101,109,89,65,44,5,92,6,16,17,44,12,11,40,30,20,33,16,29,8,6,33,12,108,63,54,76,14,37,28,45,51,186,54,50,31,55,13,49,25,14,47,76
21,13,16,14,4,61,14,13,9,4,10,19,10,13,15,17,13,10,4,17,20,14,9,27,19,13,4,16,7,7,6,16,3,6,5,3,2,2,3,2,8,6,8,1,0,1,0,44,316,66,28,35,36,19,22,211,49,40,272,48,62,67,11,61,13,45,127,44,72,78,58,5,27,7,23,34,27,23,20,21,33,20,24,9,13,18,6,38,12,58,41,29,66,33,27,63,22,73,94,53,14,55,35,22,50,20,18,27,92
10,10,5,8,1,16,5,9,9,2,3,8,3,6,5,10,5,10,9,16,10,14,6,16,6,10,0,9,3,3,4,5,2,2,6,1,2,0,0,2,1,2,3,0,0,1,0,36,36,9,18,11,18,17,7,85,32,7,66,26,35,34,4,18,0,9,74,11,37,45,36,6,9,10,14,9,10,12,7,8,20,12,13,4,6,8,1,7,2,18,33,6,22,12,21,24,13,39,17,26,5,33,11,9,42,3,11,1,52
3,20,12,5,4,20,16,5,29,19,25,27,40,2,4,22,8,5,6,2,28,8,3,9,17,4,2,6,2,8,2,10,2,10,16,6,0,1,3,3,4,3,15,0,2,0,0,89,98,37,37,52,9,7,13,89,56,11,136,29,60,74,0,18,7,20,56,107,66,59,27,10,109,6,17,15,55,17,5,48,13,25,27,41,49,9,11,47,12,109,41,77,100,2,34,26,35,32,262,33,70,27,63,5,36,24,8,73,26
7,19,21,7,6,42,10,10,32,8,16,26,18,13,4,13,31,15,5,18,8,10,5,21,13,9,2,14,2,9,4,17,2,3,11,3,3,1,4,2,4,3,8,4,0,1,0,58,122,41,28,64,35,21,7,190,66,38,179,29,68,69,10,33,10,29,99,101,92,72,50,2,87,14,23,14,43,17,20,34,30,26,29,25,40,18,7,51,11,98,47,47,80,18,39,35,34,57,169,56,40,29,38,12,60,16,14,40,82
22,8,21,16,7,68,13,13,10,4,7,14,4,14,13,11,24,11,10,16,18,21,6,28,17,16,4,10,3,6,8,17,5,3,10,8,5,2,3,3,11,4,6,3,1,1,0,50,317,79,40,31,35,11,22,187,54,51,258,48,79,80,7,43,15,31,139,51,76,107,50,9,29,9,24,24,23,20,31,21,36,17,19,5,11,21,9,27,5,45,62,29,50,29,31,59,23,61,91,50,20,64,30,20,51,17,19,17,107
9,3,3,3,2,24,3,10,9,0,2,9,4,5,10,8,9,6,11,12,7,8,4,8,3,3,0,5,0,2,0,7,2,2,6,2,0,0,0,0,1,2,4,1,0,0,0,40,39,17,16,10,13,11,12,80,28,11,76,26,34,29,4,14,1,11,58,11,29,36,28,5,9,4,12,4,9,11,9,9,13,4,6,2,7,4,0,12,4,14,25,7,18,13,20,19,13,38,16,25,3,19,8,8,47,6,7,7,42
4,1,7,0,0,9,1,1,3,0,4,4,0,0,2,3,4,1,7,1,1,1,2,0,1,0,0,1,0,1,0,1,0,1,0,1,0,0,0,0,0,0,0,0,1,0,1,10,15,2,3,3,8,6,1,10,12,3,41,4,4,12,0,6,2,1,12,14,8,16,4,1,17,1,5,2,2,1,2,8,3,6,7,0,11,5,1,10,0,19,2,4,8,1,1,9,3,12,29,8,8,3,20,0,10,5,3,4,12
18,6,16,6,4,65,9,17,25,3,12,15,6,2,14,8,22,10,1,7,5,14,5,24,7,11,4,26,3,8,3,10,6,0,7,4,2,2,6,0,6,2,7,0,1,1,0,46,66,43,30,31,40,12,15,154,48,24,143,43,54,68,3,49,4,23,72,72,42,78,50,3,39,9,11,9,24,12,12,20,19,14,18,4,13,15,3,29,8,61,47,40,45,25,27,23,19,59,129,46,23,46,18,16,92,19,16,30,82
19,8,8,2,5,9,12,4,12,6,8,9,1,0,6,2,15,10,1,13,15,8,7,18,4,7,1,8,2,2,4,8,5,0,6,3,3,3,1,2,2,4,2,0,3,0,0,53,43,30,16,21,25,9,8,122,47,24,126,34,36,39,6,22,3,16,58,63,41,60,39,3,31,4,11,10,17,11,17,19,13,31,11,2,16,9,6,25,9,44,38,31,39,21,30,22,13,52,93,45,21,27,17,21,53,24,9,17,58
10,8,4,5,0,0,3,12,8,0,0,3,2,0,6,1,5,7,5,11,3,9,2,8,4,1,0,5,0,0,5,7,2,0,3,0,0,2,0,0,0,1,4,0,0,0,0,26,14,12,8,7,9,7,8,51,23,9,53,23,27,19,1,14,0,9,43,6,20,21,29,2,3,2,8,9,6,12,3,10,10,6,4,2,3,6,1,10,3,9,16,11,15,6,9,15,6,32,15,23,1,20,6,5,21,2,8,3,20
0,0,2,1,2,1,1,0,0,0,0,1,0,0,2,0,4,2,0,2,0,0,1,0,0,2,0,1,0,0,0,3,2,0,1,0,0,0,0,0,0,0,0,0,0,2,0,4,6,6,3,4,4,2,0,13,3,2,22,2,4,3,0,2,1,3,4,10,4,4,2,0,3,0,0,2,4,0,0,3,3,6,2,1,5,0,0,2,0,6,5,2,0,3,0,3,1,5,20,2,4,1,0,0,4,2,0,4,3
15,2,0,8,14,40,7,20,24,6,12,24,6,0,7,3,23,7,0,8,9,7,6,20,13,8,8,6,3,0,2,16,3,0,2,1,0,0,2,3,3,2,4,1,2,0,0,71,71,49,22,26,35,14,12,130,25,16,126,27,49,68,2,32,1,25,65,60,56,49,37,3,64,10,13,6,35,10,18,33,25,14,8,6,7,14,4,27,7,61,25,61,36,36,19,29,11,49,162,46,28,32,5,16,58,41,14,20,71
18,3,0,8,3,36,7,9,16,7,6,5,2,0,9,3,17,8,5,14,21,13,5,21,3,15,7,7,4,5,1,10,5,1,10,1,1,1,3,1,2,2,3,0,0,1,1,51,64,40,29,19,21,10,22,125,26,23,94,40,38,53,1,32,0,19,69,65,50,61,38,2,39,4,11,11,25,15,18,20,19,23,14,5,4,14,5,24,3,49,25,27,35,18,22,21,14,37,98,40,16,27,7,22,65,21,15,18,40
3,2,0,5,0,9,2,2,3,2,4,2,4,0,7,6,10,4,3,7,7,2,2,2,1,0,0,6,1,2,2,2,4,2,4,3,1,0,1,2,4,1,3,0,0,0,0,15,13,8,16,17,10,7,8,39,21,21,45,15,16,24,0,15,0,6,19,3,10,19,7,2,2,3,10,6,3,5,3,9,10,6,3,1,2,8,0,5,3,1,13,2,19,1,13,8,4,20,10,10,3,8,5,11,22,0,8,1,14
4,19,0,4,4,19,14,3,24,22,24,18,36,0,3,20,9,8,4,5,28,8,4,9,10,8,2,11,1,11,2,9,5,2,15,2,0,0,4,7,7,2,5,0,2,0,0,108,87,32,41,73,7,15,16,109,51,13,129,39,62,71,2,24,4,14,56,106,93,57,14,9,107,2,20,14,47,10,3,42,17,27,31,38,48,12,10,65,12,100,46,78,105,10,27,33,37,44,251,51,81,44,70,4,26,23,13,69,32
7,13,0,6,3,24,16,7,30,16,15,15,19,6,8,18,18,10,9,11,14,3,7,16,8,8,1,12,5,5,1,14,4,1,9,6,1,3,5,3,4,3,2,0,1,1,0,54,96,42,29,59,36,16,14,137,49,20,146,28,58,54,9,35,5,22,80,88,77,66,33,5,59,8,19,13,50,14,13,33,32,22,32,20,26,19,5,42,13,90,42,62,62,17,44,32,39,50,157,41,34,36,60,11,40,18,17,33,66
28,12,10,16,0,56,12,15,8,1,5,18,5,5,15,15,27,17,6,29,17,20,2,27,19,12,4,10,8,8,5,16,9,3,9,5,10,3,4,0,6,3,10,1,0,2,0,38,343,71,27,40,28,36,12,173,51,28,261,45,57,82,12,39,21,42,132,40,82,79,60,8,22,8,28,29,21,26,30,22,33,19,21,11,14,17,8,34,10,50,55,25,50,24,34,77,24,60,75,51,16,57,22,20,58,14,22,17,92
3,3,4,3,0,5,3,8,5,2,2,1,2,1,2,2,9,5,6,13,8,4,3,3,6,4,1,2,0,2,0,6,0,2,3,1,1,0,0,0,1,1,1,0,0,0,0,14,31,8,9,9,7,6,13,60,23,10,43,19,24,23,2,21,1,4,43,7,12,18,13,3,2,0,12,7,8,6,8,6,12,5,10,2,4,8,0,8,0,7,15,5,18,4,16,13,6,19,11,8,0,31,6,2,24,2,5,0,31
7,19,15,3,5,28,19,6,31,19,23,23,30,4,5,29,12,6,6,6,21,11,7,8,14,6,1,10,0,8,1,9,2,10,18,0,1,0,2,6,6,3,9,0,2,0,0,101,83,42,33,68,10,16,11,123,61,8,138,38,57,66,1,16,4,16,58,121,86,62,16,10,100,1,27,17,56,11,7,49,13,26,30,34,60,9,13,58,11,115,38,88,131,7,36,30,35,31,258,58,78,34,50,8,38,22,12,64,39
14,18,21,4,5,33,19,8,19,23,14,18,24,6,11,15,22,11,16,16,18,11,7,23,11,9,2,9,3,9,2,17,2,4,9,4,3,1,2,5,4,1,7,4,4,2,0,68,136,38,39,70,36,19,11,156,63,30,167,30,61,73,5,40,10,24,97,104,94,79,47,2,74,10,23,13,54,10,12,31,31,20,35,21,37,12,6,45,11,86,69,56,69,15,42,39,42,43,173,53,39,28,74,11,50,34,17,53,71
22,18,22,9,5,36,11,15,15,5,9,11,8,16,13,14,32,17,13,27,22,12,10,26,22,16,4,18,4,9,5,20,4,9,10,7,3,2,9,3,5,5,8,2,1,1,1,48,369,103,35,48,30,17,18,192,55,59,302,70,86,72,10,54,17,58,149,62,74,98,61,11,28,9,30,48,33,24,31,15,42,23,24,21,23,24,9,31,10,60,57,40,59,35,20,69,30,77,92,57,17,65,26,22,61,29,28,17,139
15,10,7,12,1,17,14,9,8,2,1,8,6,9,8,8,11,12,9,19,9,12,6,13,5,9,0,7,1,4,3,3,1,4,4,1,3,0,2,0,2,2,0,0,0,0,0,30,41,15,19,24,19,14,11,88,33,18,89,43,36,46,1,29,2,9,74,19,46,53,23,4,6,7,12,6,10,11,12,9,30,13,9,6,3,8,1,6,4,13,35,13,27,15,23,18,15,38,30,31,4,42,5,12,47,7,13,2,51
4,14,21,6,3,31,11,2,32,29,30,22,36,6,5,23,17,7,15,5,27,5,8,11,11,8,2,8,1,11,2,9,2,14,17,3,1,1,2,6,2,2,11,0,4,0,0,97,93,40,49,68,12,13,12,128,66,14,157,34,79,84,3,16,5,14,48,130,99,50,23,11,106,5,28,19,54,19,7,48,13,23,30,32,53,9,7,52,12,121,36,95,135,4,44,30,43,40,277,49,89,33,69,7,42,23,10,84,29
15,15,20,6,4,35,16,11,29,11,34,28,25,12,15,17,28,15,22,21,16,13,5,17,10,6,1,11,3,7,4,5,8,0,10,3,2,1,4,4,5,3,8,0,2,1,0,84,127,55,38,61,36,13,16,187,63,22,178,43,62,64,8,37,4,22,97,99,90,73,44,2,73,10,19,16,58,8,18,34,27,32,25,28,29,13,5,40,9,111,49,62,68,25,34,46,35,52,196,71,40,38,72,13,42,22,20,49,59
28,13,10,21,6,58,9,17,18,6,8,22,6,12,12,10,44,13,6,23,18,20,11,30,19,15,3,12,8,6,5,16,6,10,12,7,5,2,7,2,3,5,10,2,1,1,0,58,336,76,27,36,39,20,21,200,46,46,286,61,64,78,5,51,18,52,162,67,95,80,49,10,23,11,33,39,21,21,24,23,58,19,21,5,17,29,14,35,9,57,61,34,69,15,41,83,22,65,102,78,10,68,27,29,73,15,23,21,117
8,4,11,4,4,12,6,6,7,1,4,11,4,8,8,3,20,8,6,12,12,11,5,12,8,2,0,16,5,2,1,5,4,3,5,1,6,2,0,0,7,0,2,0,0,1,0,34,45,9,25,21,20,24,13,112,29,14,82,30,39,43,1,23,1,16,76,19,32,40,28,2,7,7,13,7,10,11,17,8,19,14,8,3,1,11,0,10,3,14,28,9,30,22,25,21,15,41,30,26,7,40,13,10,29,9,9,6,47
3,11,8,2,4,8,13,1,10,13,8,13,9,1,1,12,5,3,0,3,8,5,3,8,3,0,0,5,0,1,0,2,1,2,7,2,0,0,0,1,1,0,3,0,1,0,0,48,36,17,14,22,5,5,5,61,27,5,52,11,34,33,0,8,0,10,21,37,30,19,4,3,39,5,11,9,31,1,2,18,4,7,10,11,14,2,6,18,1,41,14,24,46,5,18,10,18,7,96,21,22,17,24,2,9,8,8,31,15
8,12,21,4,8,43,15,11,22,6,21,12,16,3,12,14,22,8,20,11,12,9,5,29,15,7,4,16,3,7,3,10,5,2,10,3,4,1,6,2,6,3,6,5,4,1,0,70,106,42,37,63,31,29,9,153,49,23,185,37,54,65,6,36,7,20,98,93,97,61,42,4,52,10,21,20,49,9,10,31,26,14,19,19,33,11,7,38,11,91,46,58,75,20,39,37,45,38,171,66,31,29,49,9,53,25,17,46,62
22,9,19,15,5,64,9,15,19,5,12,16,4,11,10,10,19,11,14,22,22,14,9,23,15,13,4,18,3,4,8,20,3,2,8,6,4,0,4,3,5,4,7,2,1,1,0,72,313,66,38,29,24,28,20,214,60,36,257,50,75,78,5,48,16,42,122,42,81,89,56,15,18,10,27,35,34,25,22,17,41,14,21,13,8,17,10,36,10,56,60,25,61,23,39,57,31,63,87,61,26,56,29,23,63,17,12,18,107
12,5,9,8,2,17,11,9,6,2,1,9,3,3,6,7,13,13,3,6,10,11,6,18,8,2,1,10,4,3,2,10,4,0,6,0,7,1,2,0,2,3,0,0,0,0,0,35,33,18,20,24,12,9,8,76,28,7,77,22,35,36,2,21,1,9,86,13,32,47,15,3,7,5,14,6,4,10,9,7,12,16,9,3,5,15,0,8,0,9,30,7,27,6,20,24,13,33,26,37,10,36,8,2,48,7,12,4,41
4,16,16,4,6,21,17,5,31,25,28,24,37,5,5,26,15,8,6,6,29,7,4,10,17,4,0,8,1,13,2,10,1,9,20,2,1,0,3,3,4,3,11,0,0,0,0,106,89,42,50,58,13,8,12,102,48,6,147,33,52,77,4,14,6,19,56,115,87,57,25,9,102,5,27,21,52,15,3,34,12,25,24,44,46,5,11,58,9,108,38,78,120,5,34,31,43,31,251,41,83,26,65,3,29,23,9,76,33
11,18,17,10,9,37,5,13,24,12,14,27,13,4,11,11,29,15,12,14,8,9,5,22,7,5,2,12,0,5,5,9,2,3,10,5,2,2,5,3,2,6,8,3,0,0,0,76,119,57,28,49,31,11,13,174,46,33,174,49,66,56,2,23,9,27,115,88,77,75,45,3,82,5,17,20,43,15,16,36,25,18,22,13,31,20,6,43,8,92,47,66,63,13,42,27,39,46,183,76,44,31,49,16,51,18,16,41,72
19,8,15,10,4,46,5,14,6,5,14,13,7,16,9,10,28,11,12,24,13,18,3,20,17,13,3,13,5,0,7,9,3,1,10,3,4,0,5,4,4,4,0,2,1,0,0,64,282,61,22,31,29,22,19,157,51,37,283,56,54,53,6,53,10,38,126,38,73,96,47,6,17,13,16,28,32,20,23,18,35,14,26,11,10,17,8,24,8,37,44,24,46,19,26,63,21,53,69,53,10,48,21,18,61,15,13,12,95
3,0,5,3,2,11,1,2,5,0,1,0,0,1,3,3,5,1,3,11,2,3,4,5,2,2,0,3,2,2,0,3,0,1,6,1,2,0,2,0,0,2,1,0,0,0,0,9,15,7,5,11,7,1,2,29,11,1,29,11,12,13,1,4,1,7,25,3,9,19,12,2,3,1,3,4,8,4,3,2,3,7,2,0,3,2,0,5,1,6,7,4,10,4,11,8,1,13,5,9,3,10,4,1,25,6,4,1,13
3,0,1,1,2,4,0,0,4,1,5,2,0,0,1,1,3,1,2,1,1,1,3,3,0,1,0,0,0,0,0,3,1,1,1,0,0,1,0,0,0,0,1,0,0,0,0,9,14,1,2,2,6,7,0,12,14,0,28,2,7,7,1,5,0,1,8,13,11,7,3,2,11,1,0,1,4,2,2,7,4,2,5,1,8,1,1,16,1,10,4,5,9,2,3,5,0,9,27,9,13,5,17,0,16,3,1,5,9
7,5,7,0,4,10,4,3,4,1,5,6,0,2,5,4,9,1,6,8,1,8,3,11,2,3,1,4,0,0,0,3,0,1,4,3,2,0,2,1,2,0,3,0,0,0,0,24,28,13,8,19,11,4,5,40,10,10,53,18,23,21,1,17,2,6,34,21,22,21,22,3,22,2,12,2,13,8,10,7,7,5,4,4,7,4,0,5,1,32,23,30,23,5,10,10,9,26,40,10,7,18,7,3,19,10,11,14,20
0,1,0,1,2,7,0,1,4,2,1,0,0,0,2,1,3,2,4,1,1,1,0,2,5,0,0,3,1,0,0,0,0,1,1,0,1,0,0,0,4,1,2,0,0,0,0,3,12,2,5,14,4,2,3,23,8,4,15,10,5,10,1,6,0,3,15,8,8,5,7,0,6,0,1,2,1,1,4,1,3,4,1,2,2,0,0,1,0,5,6,3,4,4,3,4,1,4,20,9,2,7,3,2,8,2,2,4,12
1,0,1,0,0,1,0,0,0,0,0,2,0,0,0,1,0,0,1,0,2,1,0,0,0,0,0,0,0,0,0,2,0,0,2,0,0,0,0,0,0,0,0,0,0,0,0,4,5,3,2,3,4,0,0,7,2,0,3,2,2,1,1,3,0,0,0,2,2,2,0,0,1,0,0,0,0,0,2,0,3,0,1,0,2,1,0,0,0,1,2,1,0,1,1,1,0,3,2,1,0,2,0,1,3,0,1,0,2
0,0,0,0,1,0,0,0,0,0,0,0,0,0,0,0,0,0,0,1,0,0,0,0,0,0,0,0,0,0,0,0,0,0,0,0,0,0,0,0,0,0,0,0,0,0,0,0,0,0,0,0,0,0,0,1,0,0,0,0,1,0,0,0,0,0,0,0,0,0,0,0,1,0,0,0,0,0,0,0,0,0,0,0,0,0,0,0,0,1,0,1,0,0,0,0,0,0,0,0,1,0,0,0,1,0,0,1,0
0,0,1,0,1,3,0,1,0,0,0,3,0,0,2,1,0,1,2,1,0,1,0,2,0,1,0,1,0,0,0,0,0,1,0,0,0,0,0,0,0,0,0,0,0,0,0,5,7,0,1,3,0,0,0,5,1,1,4,2,1,5,0,0,1,2,5,4,1,2,3,1,0,0,1,1,1,1,1,1,1,1,1,0,0,3,0,1,1,4,1,1,2,1,1,0,1,1,0,3,0,0,1,0,9,0,1,1,5
0,3,3,0,0,0,1,0,1,1,1,0,1,0,2,1,3,3,2,3,2,1,2,0,0,1,0,3,1,0,1,0,1,1,1,0,0,1,0,0,1,0,0,0,0,0,0,6,10,4,1,5,5,2,3,24,5,5,21,8,15,13,0,7,2,2,9,9,11,6,5,2,6,1,2,0,3,2,3,0,4,3,2,0,1,1,0,5,1,11,4,7,5,3,2,5,2,9,13,11,3,6,4,0,6,1,3,2,9
5,0,1,0,0,0,2,0,1,0,2,1,1,1,1,0,0,1,0,1,2,2,1,1,0,0,0,1,0,2,0,0,0,0,0,0,1,0,0,0,0,0,1,0,0,0,0,4,3,2,2,4,5,2,2,15,11,4,14,3,7,9,1,1,0,1,4,0,3,6,4,1,0,0,4,0,3,1,0,1,1,0,2,1,3,1,0,2,1,5,3,1,4,0,1,3,3,5,3,5,0,8,1,3,5,2,1,1,6
0,4,2,1,0,1,4,0,4,4,2,4,4,0,1,2,2,1,3,2,6,2,1,3,1,2,0,2,0,2,0,4,2,2,4,0,0,0,0,0,0,1,2,0,0,0,0,24,19,6,9,20,2,2,2,13,10,0,21,3,10,12,1,2,1,2,5,13,7,8,6,1,16,0,4,1,10,1,0,7,5,3,4,6,15,0,0,16,2,24,9,12,13,1,5,9,6,6,41,14,12,2,12,1,4,1,2,5,7
8,14,8,3,1,13,11,5,7,9,11,11,10,5,10,9,9,6,10,7,4,2,4,14,6,2,1,5,3,3,4,5,1,1,11,6,1,1,2,2,3,1,3,1,4,1,0,42,67,27,20,41,16,8,8,96,31,15,99,19,34,34,3,22,2,10,55,52,52,41,27,3,54,6,7,8,25,8,4,23,12,4,11,9,16,8,5,38,3,38,24,34,33,7,22,23,17,30,75,31,21,23,36,6,21,9,10,37,46
16,12,18,11,6,49,14,8,17,4,5,17,6,13,11,11,15,16,5,33,17,9,12,19,17,19,5,25,2,4,4,14,2,0,8,2,3,3,3,2,13,2,9,2,0,0,0,42,322,58,27,39,34,26,25,194,63,34,239,57,60,97,9,38,11,47,129,39,82,67,52,7,31,8,22,30,38,21,22,17,43,26,19,11,17,20,5,36,6,45,50,32,62,25,23,61,22,58,63,48,9,67,28,20,55,11,15,16,92
4,1,4,3,0,9,4,5,3,3,1,1,5,5,9,2,11,8,10,13,12,7,3,5,6,2,0,12,3,1,0,9,2,0,4,0,2,0,3,1,1,2,1,0,0,0,0,18,21,16,10,14,14,17,9,65,19,4,49,24,32,37,1,14,0,10,37,8,26,18,22,2,5,6,7,5,10,8,8,12,11,8,2,4,2,10,0,9,1,8,13,4,17,9,16,16,10,30,7,24,4,41,11,8,11,3,7,4,33
5,14,23,2,2,24,19,3,23,17,29,26,34,3,4,23,10,8,4,6,23,8,3,7,12,3,0,9,0,12,1,9,2,12,21,1,0,1,2,9,4,2,10,1,3,0,0,97,74,36,39,87,14,8,12,114,61,11,140,46,69,72,2,17,4,21,58,112,87,56,14,8,96,3,17,18,47,16,4,45,17,26,30,38,52,9,11,66,8,108,46,79,112,4,28,28,45,48,268,42,85,30,64,5,32,22,14,64,33
17,22,26,12,6,41,13,9,27,21,22,34,22,13,12,17,22,10,26,15,15,9,7,20,16,9,4,13,2,5,3,14,3,2,10,1,0,3,2,3,9,1,2,5,2,1,0,88,145,41,29,63,28,18,8,161,72,34,195,39,46,74,2,41,11,25,106,102,103,87,41,6,70,5,29,19,48,15,13,47,31,19,40,14,44,7,8,66,8,103,71,72,73,12,52,36,41,55,167,60,37,32,72,10,47,24,17,46,78
21,20,22,13,8,63,9,14,9,3,10,25,5,14,10,9,31,22,12,32,26,20,8,29,23,18,6,18,6,4,7,18,3,0,14,12,4,1,5,1,7,2,12,3,1,1,0,63,382,82,35,39,28,26,15,203,70,50,306,78,92,101,7,48,16,59,159,70,97,88,94,11,46,13,27,41,46,22,36,32,38,27,24,11,16,19,10,39,9,68,47,28,68,26,27,85,20,95,106,59,20,64,38,25,77,23,29,24,110
8,5,10,10,1,14,7,13,11,2,3,6,10,6,14,9,13,5,10,17,15,9,5,15,3,7,0,14,3,2,2,12,6,4,9,1,2,0,1,1,4,1,3,0,2,0,0,37,36,17,14,25,20,13,13,126,44,19,75,32,43,49,7,26,3,13,89,10,35,43,30,1,10,4,12,12,16,11,16,14,16,14,11,4,4,10,2,16,2,11,43,11,29,17,25,21,10,47,32,32,6,39,11,13,46,5,13,4,50
7,14,17,7,1,32,13,5,24,26,34,36,29,6,3,27,17,8,11,8,18,10,4,10,9,5,1,11,1,10,1,10,4,10,22,1,0,2,3,9,4,2,14,0,3,0,0,92,89,37,49,79,13,16,9,119,65,10,158,40,71,76,5,21,4,19,60,134,97,67,27,9,118,4,18,16,50,13,2,55,15,31,33,48,57,8,15,57,12,126,47,88,100,8,43,28,49,44,277,46,101,27,68,8,48,24,14,77,37
11,16,19,10,6,34,17,10,27,16,27,29,29,9,17,14,27,11,19,14,8,8,11,20,12,9,3,17,5,8,1,7,1,6,7,6,2,1,4,4,4,2,7,3,2,1,0,80,144,43,38,57,9,21,17,180,49,27,207,36,65,69,3,38,10,29,89,112,91,81,42,5,90,14,31,11,48,13,12,45,30,20,37,23,34,17,7,47,11,91,56,62,70,20,59,43,34,61,172,64,45,35,73,15,48,19,16,49,94
19,7,22,18,7,53,11,18,17,5,13,15,7,19,7,15,31,16,25,28,17,20,10,29,17,16,2,13,3,3,6,16,4,1,7,5,7,0,7,1,14,4,6,1,0,3,0,61,334,80,33,35,24,21,25,221,78,45,291,67,62,96,11,46,16,53,154,48,73,94,68,15,37,6,23,42,26,24,31,20,32,25,22,8,13,18,9,33,4,70,68,22,60,31,34,80,27,63,95,51,24,59,27,16,66,27,26,15,112
2,3,9,3,3,7,4,4,3,1,1,7,2,4,5,3,5,8,5,5,3,0,3,7,7,0,0,6,1,0,0,5,1,0,3,0,2,1,1,0,3,0,1,0,0,0,0,15,31,10,10,9,9,15,3,49,24,8,40,16,17,25,2,12,0,4,57,9,12,11,15,3,4,0,5,4,7,7,6,7,12,1,4,1,6,7,1,4,2,6,14,6,19,6,13,11,5,9,8,15,1,12,5,3,22,11,11,3,38
6,19,23,10,2,19,21,3,22,30,33,33,36,6,2,28,17,6,6,5,21,6,4,6,13,7,1,11,1,11,0,7,5,13,19,2,0,1,3,7,1,2,10,0,2,0,0,109,100,42,43,55,10,12,14,111,67,11,156,40,74,85,1,19,6,24,59,133,91,56,20,13,104,1,20,24,48,14,10,53,18,24,29,43,45,8,9,66,7,129,38,84,102,6,31,30,44,54,286,57,62,36,60,9,36,18,10,77,33
11,23,21,10,13,35,18,14,22,16,25,13,18,5,9,14,42,14,21,16,21,7,6,24,11,8,6,13,6,7,3,8,4,3,14,0,4,0,3,3,9,2,9,1,1,1,0,79,124,48,28,92,28,23,14,196,48,26,190,34,57,68,2,47,7,33,113,90,111,84,51,8,86,8,24,19,46,9,13,56,24,21,27,22,43,8,4,55,12,95,50,76,66,20,45,43,37,53,190,97,52,49,65,13,51,26,25,45,79
20,18,20,16,8,64,13,12,14,6,11,24,8,18,12,11,30,9,7,27,29,21,15,25,18,16,6,17,5,4,8,17,6,3,8,6,4,2,5,2,8,3,8,2,2,1,1,59,363,66,34,38,38,28,23,216,63,49,289,68,60,93,8,51,14,59,159,64,85,83,58,12,33,15,31,33,36,18,20,21,41,21,16,7,12,16,11,32,9,52,55,28,71,27,33,75,30,66,96,57,20,60,41,16,70,26,24,18,117
12,7,9,4,2,16,4,6,6,2,5,8,6,1,10,5,13,11,8,7,9,12,7,13,12,6,1,11,3,4,0,9,3,2,7,0,5,1,2,0,4,0,3,0,1,0,0,41,44,20,18,18,22,16,20,101,33,19,80,23,27,52,0,27,3,14,71,16,31,52,23,9,8,7,17,13,10,10,9,14,14,10,6,3,6,7,1,11,2,10,32,6,30,13,17,21,10,44,22,31,4,43,15,9,42,7,15,5,55
5,15,17,4,4,25,13,5,32,15,32,37,33,8,3,21,23,5,10,5,11,9,8,7,18,8,0,6,2,6,1,7,4,11,21,2,0,1,3,7,4,2,10,0,3,0,0,100,106,43,48,50,14,15,12,105,58,16,158,38,80,78,2,16,6,21,53,121,82,62,22,11,109,4,20,23,49,12,4,58,15,22,22,39,54,9,11,57,9,108,44,91,117,13,34,28,43,42,288,55,79,36,65,11,40,25,13,64,37
8,6,22,4,5,33,16,12,23,13,28,31,16,1,14,9,31,18,10,15,17,11,8,37,10,10,3,14,3,1,2,13,3,5,10,3,2,0,7,0,8,1,5,1,1,0,0,80,143,42,30,53,35,20,16,154,61,25,225,50,57,79,8,39,7,24,119,108,98,80,38,2,91,13,17,17,43,15,12,45,32,29,31,20,42,22,4,57,6,83,54,50,79,19,39,42,43,67,196,57,37,28,72,12,56,25,14,59,71
22,12,16,20,7,66,7,13,9,1,6,9,11,10,11,13,17,14,11,7,21,22,7,34,23,21,4,15,8,3,5,15,8,6,15,2,2,1,1,3,9,3,6,4,0,0,0,52,318,75,32,23,38,20,19,204,67,42,274,46,76,79,10,49,13,46,149,54,62,82,51,10,27,12,25,35,24,23,30,23,42,18,20,11,16,16,13,32,4,52,56,27,58,33,37,63,12,74,86,49,22,64,17,18,52,20,20,20,111
4,9,11,4,1,20,4,8,8,0,5,3,9,5,10,2,7,7,7,11,13,8,2,10,6,6,1,11,1,2,0,8,0,1,12,1,0,0,1,1,5,3,0,0,1,0,0,29,28,13,10,4,14,14,8,93,36,10,69,24,26,31,2,20,2,15,54,19,30,25,19,4,4,1,15,6,10,6,3,5,22,10,4,3,3,1,1,17,3,15,24,8,26,8,15,18,4,28,26,32,7,33,5,11,40,6,17,1,41
0,1,0,1,0,0,0,0,1,0,0,2,1,0,0,0,0,0,0,1,0,0,2,0,0,0,0,0,0,0,0,0,0,0,0,0,0,0,0,0,0,0,0,0,0,0,0,5,0,1,0,0,0,1,0,3,3,0,5,0,2,0,0,2,0,1,3,1,0,1,0,0,1,0,0,1,1,0,0,0,0,2,1,0,3,2,0,4,0,3,0,1,0,2,0,1,1,2,2,1,2,1,4,0,0,0,1,5,1
0,0,0,0,0,3,0,0,0,0,0,1,0,0,0,0,1,3,1,0,0,1,0,0,0,1,0,2,0,0,1,1,0,0,0,0,0,0,0,0,0,0,1,0,0,0,0,4,4,0,0,2,1,2,0,6,3,0,7,3,1,1,0,3,0,2,4,4,5,4,0,0,1,0,1,1,0,2,1,2,0,0,1,0,0,0,0,1,0,4,6,3,4,2,1,3,1,2,1,0,3,1,0,0,4,1,1,1,3
2,1,1,0,0,3,2,2,0,1,0,2,1,3,0,1,3,2,2,3,2,1,0,2,0,1,0,1,0,0,0,0,0,0,2,0,0,0,0,0,0,1,1,0,0,0,0,7,6,4,2,6,3,1,1,18,13,2,9,3,2,7,1,2,0,3,7,3,4,7,4,0,6,1,0,0,4,0,3,2,0,0,2,2,2,2,0,2,0,7,6,4,9,1,4,6,2,4,9,3,3,7,0,2,8,2,0,1,4
4,3,5,0,0,7,2,1,2,1,2,0,0,4,2,1,10,3,1,2,4,1,1,5,0,3,0,4,0,1,1,1,0,0,0,2,1,0,0,0,0,0,0,0,0,0,0,11,8,2,6,7,1,0,2,21,9,6,13,11,9,21,0,2,0,1,18,5,7,9,8,2,1,2,1,3,4,4,1,5,8,0,0,1,0,2,0,4,0,2,1,2,4,4,4,8,6,10,3,11,2,12,5,2,14,2,3,1,12
0,1,0,0,0,0,1,0,5,0,0,4,0,3,1,2,4,1,2,0,0,0,0,2,0,1,0,0,0,0,1,0,3,1,0,0,0,0,0,0,0,0,0,0,0,0,0,1,4,2,1,3,3,0,0,14,3,2,6,2,2,5,0,1,0,0,2,2,4,3,2,0,6,0,0,0,1,4,0,3,1,2,5,1,3,1,0,3,0,7,3,4,1,2,1,1,4,0,11,13,4,1,1,0,2,2,1,4,5
2,4,6,6,10,21,2,6,16,4,5,5,3,1,2,11,17,7,7,7,5,5,4,16,0,4,0,2,4,1,1,7,2,2,3,4,4,0,2,2,5,2,3,4,3,3,0,28,38,18,14,13,15,10,6,63,28,13,86,16,22,32,1,12,1,7,62,58,27,40,26,0,29,2,5,2,22,8,7,11,14,4,7,4,13,8,2,17,7,44,15,26,33,8,18,10,9,30,78,24,13,20,7,6,31,26,3,13,44
10,6,5,4,7,23,5,3,12,5,3,13,1,4,4,3,9,11,2,7,2,8,8,12,7,3,1,11,3,1,1,4,0,1,4,0,3,0,2,0,6,1,3,0,0,3,1,30,20,13,7,11,13,11,7,70,26,17,72,23,27,30,1,19,1,6,39,31,20,43,22,5,20,2,12,3,8,16,12,7,11,15,15,4,3,6,1,14,2,36,24,30,19,14,9,21,10,26,56,8,13,22,9,10,23,16,6,6,40
5,2,4,1,0,3,2,1,1,0,5,5,1,1,2,2,6,5,3,4,5,1,3,4,2,1,0,3,0,2,0,3,0,0,1,1,0,0,1,0,0,1,1,0,0,0,0,9,10,5,7,6,11,2,4,20,9,6,18,13,13,14,1,10,0,5,17,2,11,12,17,3,3,3,2,0,2,3,1,5,5,3,4,1,0,1,1,5,2,2,9,0,7,6,5,6,3,21,8,1,2,12,1,4,8,0,6,0,13
