"Accursio - Portello","Adamello - Lorenzini","Alserio - Cola Montano","Amendola M1","Aquileia","Arcivescovado","Arco della Pace 1 - Bertani","Arco della Pace 2 - Pagano","Arcole - Argelati","Ascanio Sforza - Pavia","Aspromonte - Pecchio","Augusto","B.Marcello - Boscovich","Bacone - Monteverdi","Baldinucci - Maffucci","Balilla - Tibaldi","Bassini - Grossich","Bastioni di Porta Venezia","Bausan - Brofferio","Beatrice d'Este - Cassolo","Beccaria","Benaco - Brembo","Bergognone - Tortona","Bernini","Bertarelli","Bicocca M5 - Pulci","Bocconi 2 - Bach","Bocconi 3 - I. Aragona","Bonomelli","Borgogna","Borsieri - Confalonieri","Bovisa - Lambruschini","Bovisa Passante 1 - Alfieri","Brenta MM","Brera","Brescia","Brianza - Venini","Bronzetti - Archimede","Buenos Aires - Argentina","Buenos Aires - Lima","Buonarroti","Bussero - F. Testi","Ca' Granda - F. Testi","Cadore - Pinaroli","Cadorna 1","Cadorna 2","Cadorna 3","Caiazzo","Cairoli","Caldara / Curtatone","Caneva - Tolentino","Canova - Sangiorgio","Cantù","Cantore","Cardinal Ferrari","Carlo Magno - Alcuino","Castel Morrone - M. A. Di Savoia","Castelli - Ailanti","Castello Acquario civico","Cavour","Centrale 1","Centrale 2","Chiesa - E. Filiberto","Chiese - F. Testi","Cinque Giornate","Cirene - Friuli","Col di Lana - Col Moschin","Conciliazione","Coni Zugna Solari","Cordusio","Crema - Giulio Romano","Crocetta","Cusani","D'Ancona","Dante - San Tomaso","Dateo","De Angeli - R. Sanzio","De Angeli - Ripamonti","De Marchi - Bottelli","De Marchi - Lucini","Dell'Umanitaria","Dergano","Diaz","Domodossola FNM - Filelfo","Donizetti ""Provincia"" - RIMOSSA PROVVISORIAMENTE","Duomo","Durante - D'aviano","Edison","Elba - Cimarosa","Emilia - Piceno","Erculea","F.Filzi","Farini - Quadrio","Fatebenefratelli","Festa del Perdono","Fiamma","Foppa - Caravaggio","Friuli","Gadio - Paleocapa","Galvani - Restelli - RL","Garibaldi - Sturzo","Garibaldi Pepe","Gioia - Carissimi","Gioia - Cassina De' Pomm","Gioia - Pirelli","Gioia - Sassetti","Giovanni XXIII","Gorini - Strambio","Gorizia 1","Gorizia 2","Govone - Borgese","Imbonati - Dergano M3","Indipendenza-Castel Morrone","Istria M5 - F. Testi","Italia - San Martino","IV Novembre","Lagosta","Lancetti Passante - Maloja","Lanza","Lazio - Vasari - Morosini","Legnano Arena civica","Livigno - Monte San Genesio","Lodi - Papi","Lombardia - Vallazze","Loreto 1","Lotto","M. Gioia - ""Regione""","Mac Mahon - Artieri","Mac Mahon - Caracciolo","Maciachini - Marche","Majno - Baretti","Manin - Bastioni","Manzoni","Marussig - Castelvetro","Mascagni","Meda","Medaglie D'Oro 1","Medaglie D'Oro 2","Melchiorre Gioia - Galvani","Melzi d Eril - Cagnola","Mentana","Milizie - Tortona","Missori","Modena - Castel Morrone","Molino delle Armi","Molino Dorino M1","Montenero - Spartaco","Morgagni Redi","Morozzo della Rocca","Moscova","Murat - Villani - Milano Sport","Muratori - Umbria","Napo Torriani","Napoli - Washington","Naviglio G.Valenza","Naviglio Pavese - Torricelli","Nigra - Castellini","Novelli - Carnaghi","Ospedale Maggiore","P.zza Luigi di Savoia","Pagano - Guido D'Arezzo","Palazzo Marino","Palestro 1","Palestro 2","Patellani","Piazza Carbonari","Piazza Nizza","Piazzale Lodi","Piazzi - Bernina","Piola","Pola RL","Porta Genova","Porta Nuova","Porta Venezia","Porta Venezia 2","Porta Volta civ. 5","Procaccini - Gramsci","Procaccini . Cimitero Monumentale","QT8 - Isernia","Rastrelli - Larga - RIMOSSA PROVVISORIAMENTE","Regina Margherita","Reni - Guardi","Repubblica","Resistenza Partigiana","Restelli - Galvani RL 1","Richini","Ripamonti Bellezza","Risorgimento","Romagna - Pascoli","Romolo M2","Roncaglia - Washington","Rosario","Rotonda della Besana","S. F. Romana","S. Nazaro in Brolo","S. Stefano","S.Gioachimo","S.M. del Carso","San Babila","San Barnaba H Mangiagalli","San Giorgio","San Giovanni sul Muro","San Gottardo - Gentilino","San Lorenzo - ""Colonne""","San Marco","San Pietro all'Orto","San Pietro in Gessate","San Vito","Sant'Agostino","Sant'Ambrogio","Sant'Angelo - P.ta Nuova","Sant'Eustorgio- P.ta Ticinese","Santa Maria Beltrade","Santa Maria delle Grazie","Santa Sofia","Santissima Trinità","Sarpi Albertini","Sarpi Niccolini","Savona - Tolstoj","Segantini - Darwin","Sempione - Melzi d Eril","Sempione - RAI","Senato","Settembrini - Vitruvio","Spadolini - Centro Leoni","Sraffa","Stefini - Ressi","Stelvio - Farini","Stuparich - Albani","Susa - Sidoli","Suzzani - Arezzo","Taramelli RL","Temolo - Innovazione","Teodorico - Gattamelata","Teodosio - Pacini","Tiraboschi - Muratori","Tommaseo","Torino - Carrobbio","Toscana- Leoni","Treves","Triennale","Tunisia - Cozzi","Tunisia Lecco Bellintani","Università Bocconi","Università Cattolica","V Alpini","Valtellina - Aprica","Valtellina - Farini","Velasca","Vercelli - Cherubini","Vercelli - Piemonte","Verrocchio - Juvara","Vesuvio - Lipari","VI Febbraio","Vigliani - Scarampo","VIII novembre","Villapizzone FFSS - Lambruschini","Vittor Pisani","XXII Marzo","XXIV Maggio","XXV Aprile","Zara M3","Zavattari - Tempesta"
32,16,14,41,20,64,65,30,16,11,9,58,20,45,10,53,34,5,23,19,49,14,41,47,59,5,35,38,18,51,61,8,24,15,59,20,22,34,51,49,40,5,8,56,126,54,266,37,96,37,23,31,49,41,32,17,42,11,10,100,122,67,32,2,64,24,53,38,76,52,32,51,64,66,65,39,37,36,0,0,36,4,63,63,45,172,22,53,31,42,34,36,37,56,42,33,49,25,21,24,0,59,49,24,34,18,52,63,24,16,22,16,40,11,49,23,31,21,49,38,47,17,20,22,31,18,27,10,26,26,79,36,60,19,55,115,23,49,15,34,28,28,51,40,37,0,39,40,31,114,11,21,27,55,16,30,14,25,10,48,60,92,35,2,17,32,9,46,13,66,28,65,42,45,62,26,63,19,12,22,38,24,27,74,20,34,28,74,46,21,30,53,34,80,31,20,40,38,161,50,54,51,45,23,43,35,66,30,55,84,58,28,39,39,52,80,75,59,29,5,58,56,28,19,30,20,0,20,8,46,2,24,20,12,23,27,18,52,12,66,8,77,46,33,51,33,16,25,39,25,50,37,36,29,9,66,5,77,24,49,129,21,10
36,16,18,41,22,88,54,25,13,8,19,63,17,54,7,53,29,9,15,28,68,14,13,54,64,11,35,43,16,67,64,10,24,30,57,21,30,33,53,72,42,4,16,67,161,55,234,38,94,40,42,44,51,57,35,18,47,13,18,85,128,82,41,1,95,30,66,41,104,57,45,64,68,52,64,51,32,34,0,0,38,2,83,73,62,186,27,41,51,42,36,39,60,64,34,33,50,46,20,26,0,42,48,27,38,26,51,46,29,16,38,20,36,9,61,16,32,24,45,35,55,15,36,20,35,22,34,16,27,32,75,39,57,20,66,122,29,57,18,41,33,37,56,49,49,0,46,44,43,123,12,32,35,57,19,29,23,24,6,42,60,87,44,10,18,33,7,47,18,67,38,69,49,51,56,25,74,22,9,30,30,50,17,2,26,30,44,92,57,28,45,79,54,97,36,23,67,44,175,59,44,51,66,34,48,38,94,47,69,107,73,34,42,53,52,66,89,61,43,13,70,60,31,16,43,19,0,19,10,53,4,30,18,22,18,23,23,71,12,59,21,79,45,40,54,46,26,17,51,43,43,32,38,26,9,92,3,80,33,57,185,20,16
30,10,22,38,33,83,53,31,9,15,13,58,25,51,9,53,33,13,17,28,59,14,41,58,65,6,43,65,12,59,82,10,25,22,67,24,24,43,61,58,32,6,12,68,157,58,280,26,99,40,31,52,53,49,37,20,45,13,21,107,115,78,50,8,77,28,54,38,97,67,30,64,76,78,62,50,50,33,0,0,39,10,84,67,47,223,24,49,38,49,31,39,59,81,36,38,50,42,24,24,0,38,37,39,32,31,56,57,35,16,33,18,24,11,61,24,42,14,54,33,42,13,35,24,40,20,27,13,35,33,74,48,56,17,67,92,24,62,22,55,35,31,59,34,73,1,51,35,30,145,12,33,38,49,13,36,20,24,9,38,58,100,51,11,16,29,8,49,28,64,33,68,44,64,67,32,77,23,8,27,23,52,26,53,28,33,37,80,50,31,44,57,46,91,35,25,68,35,208,64,50,51,70,33,54,45,113,45,59,104,63,32,40,53,51,77,74,64,36,14,63,52,32,16,24,13,0,18,13,52,1,21,16,21,22,27,27,58,11,73,16,72,43,43,51,30,22,18,52,30,60,31,37,27,10,85,8,74,35,53,163,24,18
25,16,18,53,38,75,68,42,25,10,15,62,20,46,6,52,26,13,14,26,63,16,44,53,68,6,39,46,21,57,80,9,21,21,69,20,22,42,54,68,31,3,15,62,147,58,270,42,105,41,27,46,41,33,52,23,43,17,10,118,124,54,30,3,83,25,51,36,94,74,37,61,72,66,71,58,41,38,0,0,27,7,71,87,59,207,17,43,50,50,30,25,43,68,35,27,50,32,17,17,0,50,41,30,44,23,45,66,31,11,33,20,38,5,56,17,35,17,53,17,47,16,32,23,32,22,33,16,25,35,91,41,49,14,51,81,31,59,17,46,24,29,53,47,48,0,48,41,33,139,14,28,28,61,14,37,23,30,13,36,70,129,49,9,23,24,5,43,29,62,30,60,59,63,49,21,76,17,7,29,34,35,24,74,25,22,41,73,49,22,59,47,43,95,37,20,56,32,181,65,49,44,55,26,50,32,96,38,72,89,67,34,40,53,46,74,93,76,34,17,79,53,28,14,32,15,0,17,10,50,3,30,17,18,38,17,30,46,16,73,16,59,43,50,48,40,19,18,41,44,66,32,31,19,6,79,2,72,30,53,202,18,18
33,14,25,57,24,92,75,37,15,7,5,51,18,42,13,49,26,9,16,36,52,18,46,59,65,8,28,50,14,59,71,7,21,22,59,19,27,37,56,52,44,4,14,63,151,60,228,34,125,36,26,46,42,38,51,21,50,15,15,113,118,76,38,4,82,19,50,32,76,55,37,70,80,65,53,65,37,41,0,1,38,4,85,54,53,217,29,49,50,50,46,37,45,58,52,34,57,46,26,19,3,57,45,37,43,19,49,62,25,16,39,12,45,7,68,20,42,22,65,31,45,13,38,30,41,16,27,17,40,20,83,50,51,19,49,78,26,51,26,52,40,35,45,47,67,0,46,45,39,155,22,36,36,59,12,33,21,34,4,44,64,99,39,10,11,27,4,58,28,68,33,56,32,36,67,27,84,12,8,29,36,44,37,86,28,40,35,86,42,19,55,48,44,79,32,17,60,45,180,54,48,35,67,49,54,42,85,55,59,93,60,38,44,65,26,77,95,68,30,19,87,60,28,19,37,12,0,26,7,39,1,26,10,12,25,22,33,61,18,70,10,55,48,54,51,43,20,21,43,39,53,38,30,27,12,74,9,86,35,64,196,24,10
2,7,6,12,7,27,12,9,3,6,4,8,10,9,6,18,11,3,3,11,10,2,8,21,11,0,3,14,4,11,13,1,1,10,14,7,3,16,13,24,6,1,1,12,15,2,45,11,22,15,9,5,8,22,13,10,22,2,4,14,10,19,16,0,25,5,18,5,25,17,12,14,9,13,9,1,14,11,0,0,8,0,12,11,4,54,6,3,11,11,5,2,10,15,7,10,27,10,4,1,7,7,11,12,2,4,13,18,8,3,16,3,12,1,13,6,8,4,16,7,17,3,11,7,4,2,2,5,7,2,11,12,8,9,14,10,6,17,3,13,6,6,9,25,12,0,12,16,3,45,5,13,6,20,7,18,7,8,2,4,13,15,8,6,2,8,5,14,2,20,1,13,9,14,31,9,23,0,1,0,11,16,9,37,6,5,12,19,7,8,12,19,5,29,8,5,3,7,40,13,10,10,23,9,9,6,12,4,23,24,15,11,6,6,9,31,33,42,11,0,13,8,4,5,6,6,0,8,0,17,1,0,2,5,15,5,6,6,5,19,5,19,17,13,11,11,7,4,3,7,20,11,10,8,6,4,0,25,10,19,52,6,5
14,5,13,26,22,42,34,28,11,11,9,12,7,27,4,21,20,6,11,11,16,5,14,30,14,2,10,22,7,7,28,0,9,21,22,8,17,17,28,21,6,0,10,24,23,5,38,10,48,22,15,12,12,30,12,5,25,9,15,31,34,49,20,3,48,14,30,17,42,16,16,15,16,23,9,20,31,11,3,0,5,2,43,15,10,86,8,5,37,16,6,8,14,15,2,13,22,10,6,4,21,9,26,20,7,12,13,21,28,19,17,7,17,4,16,14,29,10,27,11,24,8,20,12,6,12,6,13,13,1,20,15,20,15,9,30,13,33,3,24,6,11,19,23,24,0,12,27,18,61,7,12,6,49,8,15,14,23,2,18,19,30,17,2,5,11,5,23,1,25,6,39,20,20,40,18,28,15,8,5,15,23,12,28,8,8,19,44,11,7,26,25,3,57,19,3,0,14,81,13,21,14,27,23,7,10,2,10,33,25,17,23,13,24,11,43,46,38,31,12,35,10,11,10,18,6,0,17,6,19,5,0,3,8,28,12,10,17,2,20,16,20,17,18,16,14,5,7,9,24,33,2,13,27,8,14,0,25,14,60,94,5,8
31,15,17,37,20,52,57,44,14,16,13,56,15,43,11,54,20,9,10,26,48,13,36,53,69,3,33,47,13,45,64,8,23,18,56,20,26,36,51,65,39,3,11,57,161,62,265,26,103,38,35,41,42,39,23,18,37,15,9,104,106,66,41,2,68,25,53,30,73,52,24,70,67,54,44,47,45,38,6,4,27,3,68,62,51,164,32,38,40,41,30,40,49,68,34,35,42,34,14,25,46,66,47,23,40,24,46,66,21,18,28,11,36,9,51,32,37,18,52,26,44,18,26,28,15,20,27,8,33,27,72,45,43,18,55,107,30,62,22,44,28,15,57,32,41,0,48,36,35,101,17,30,32,48,14,37,24,30,11,37,78,118,33,6,23,29,11,51,13,62,31,65,46,60,43,28,70,24,5,31,35,35,29,88,24,33,37,53,31,23,48,59,37,78,37,18,8,30,144,53,44,46,47,23,53,28,58,44,69,94,66,25,36,49,36,57,89,74,22,12,80,42,21,15,41,28,0,21,15,56,0,32,12,16,26,24,22,43,18,81,16,65,43,44,51,41,23,15,36,31,51,23,22,27,12,79,1,90,40,46,134,20,12
25,16,17,34,35,54,36,35,8,8,12,47,15,47,17,41,29,9,14,24,51,16,38,55,57,5,31,32,15,53,59,7,19,22,49,18,21,26,33,56,32,4,14,45,148,65,259,41,90,37,32,37,39,39,34,21,33,14,12,107,104,62,37,2,74,25,51,31,54,47,37,51,61,65,55,44,32,29,8,9,32,10,69,64,50,178,24,42,48,48,27,38,40,64,42,41,46,39,20,21,55,58,43,33,39,23,42,49,29,12,30,13,41,10,48,16,30,10,44,32,49,10,27,22,35,9,29,12,28,27,62,31,42,13,44,82,27,39,22,51,26,29,57,45,36,0,46,33,26,108,20,30,26,42,7,32,18,16,7,45,45,113,52,5,21,32,5,36,24,49,30,65,52,52,44,22,54,15,7,25,36,31,14,72,23,23,23,71,48,22,52,55,34,84,29,26,53,35,162,51,47,35,62,10,53,29,78,41,64,91,66,26,40,45,49,74,80,80,29,12,71,51,22,14,34,20,0,25,11,54,1,26,15,20,31,25,19,49,10,65,28,59,33,47,51,35,29,17,43,36,42,34,34,23,7,81,5,68,28,28,130,14,9
26,10,14,20,12,48,28,21,11,9,8,34,15,20,6,34,15,8,10,19,53,18,26,37,43,4,30,33,9,42,51,4,13,11,43,12,13,24,33,32,23,5,9,34,86,42,155,19,58,28,17,33,24,24,19,15,27,11,11,27,54,36,32,0,56,16,33,20,55,40,28,36,39,35,40,27,14,24,1,2,26,3,38,52,30,134,14,31,32,30,22,22,42,64,31,21,28,24,10,19,42,40,37,18,23,19,32,35,17,17,25,12,23,4,38,22,25,9,35,20,40,8,19,12,17,12,20,11,21,14,60,23,37,12,37,66,41,0,14,23,15,20,47,27,35,0,27,20,21,90,13,19,32,35,9,19,14,17,5,31,25,68,35,14,28,23,3,41,18,40,25,60,28,38,30,16,52,16,4,13,18,16,20,64,11,21,18,41,38,14,37,34,29,56,23,15,25,26,116,45,28,27,42,5,31,20,49,30,40,68,46,26,28,23,29,52,51,55,18,11,54,24,20,17,16,12,0,16,8,34,0,17,12,9,13,16,21,29,14,45,9,46,25,36,37,26,22,13,19,16,34,15,16,17,5,59,3,50,21,31,91,11,10
33,5,16,53,26,70,65,37,18,10,13,53,19,59,13,49,29,15,19,33,51,17,46,61,62,8,29,41,20,46,73,7,23,31,59,13,24,35,62,68,50,4,13,67,164,56,283,43,110,45,34,51,48,59,42,19,41,15,17,104,102,67,46,3,76,17,56,42,97,69,39,63,77,68,58,57,47,61,8,6,29,5,74,61,52,233,26,42,52,55,36,53,56,69,37,41,55,42,26,26,88,59,53,32,44,20,48,59,34,11,49,15,30,13,60,19,34,18,54,37,61,9,37,31,36,25,36,17,34,30,82,43,70,13,61,101,58,24,21,54,34,26,59,56,76,0,49,43,29,138,12,36,40,55,19,37,14,28,9,45,72,102,47,14,41,34,5,51,22,56,31,73,52,68,50,36,75,13,9,25,34,37,33,104,24,30,34,93,50,20,65,59,42,111,47,28,56,45,177,57,44,49,54,19,53,33,91,38,62,101,79,40,36,41,53,71,84,84,36,19,71,52,36,15,38,19,0,15,9,60,1,27,15,20,35,32,21,51,23,68,16,73,37,42,59,50,26,21,42,47,55,34,38,38,18,100,2,78,44,41,143,17,14
32,14,29,37,30,77,79,34,16,9,11,57,25,43,12,48,27,16,17,24,55,16,47,65,73,5,28,41,12,48,79,6,28,25,74,19,19,39,56,59,44,6,13,58,135,43,267,43,142,38,25,40,40,44,37,34,52,15,18,104,95,61,38,3,79,27,55,32,95,76,35,49,65,69,61,54,45,41,12,8,28,8,72,61,53,200,14,38,54,44,38,41,50,77,41,37,39,33,17,22,83,61,39,31,38,26,60,69,20,21,26,11,37,11,59,21,35,21,62,34,57,14,26,31,40,25,35,18,24,29,83,54,47,21,61,107,25,71,16,51,25,34,62,46,60,0,39,38,34,153,14,32,45,51,14,34,19,28,7,38,76,126,33,9,34,40,8,51,28,67,35,72,50,56,29,33,61,14,11,30,44,41,24,76,24,25,48,83,46,20,54,52,42,102,36,30,52,51,175,63,44,14,40,30,41,44,67,40,63,96,67,29,41,54,49,85,86,98,34,16,87,42,30,20,42,13,0,21,10,55,4,21,16,17,31,21,25,57,14,81,18,54,48,31,43,48,27,14,24,39,52,34,33,33,14,96,7,86,33,58,133,15,14
7,7,9,25,19,26,28,16,4,7,9,11,12,22,5,23,16,3,6,14,7,10,18,30,13,4,9,10,8,15,30,1,2,16,27,9,8,21,35,38,8,1,2,28,27,8,52,11,56,25,27,14,12,24,11,11,14,3,14,22,17,19,15,4,34,14,26,21,41,7,9,27,13,30,12,19,12,11,0,0,7,5,28,21,9,80,12,6,25,22,5,4,13,15,8,17,24,28,5,6,15,5,14,20,3,8,19,20,18,17,13,10,14,5,17,6,16,6,18,19,19,3,24,13,13,10,7,7,6,6,24,13,12,12,22,26,14,31,8,10,19,17,14,20,12,1,23,29,9,75,9,20,12,37,8,7,11,13,3,7,34,30,8,5,17,15,5,26,3,25,8,31,17,24,36,10,41,9,4,3,15,20,10,32,9,9,10,33,11,13,32,35,14,59,11,1,10,11,76,12,17,16,22,15,9,10,22,13,23,29,21,9,9,21,11,35,43,42,15,9,22,27,13,14,9,14,0,12,2,29,1,5,2,3,19,13,12,13,6,22,7,40,18,11,12,15,10,13,5,41,42,19,11,20,4,38,0,15,24,27,63,5,6
1,2,0,1,3,3,0,7,2,0,0,1,0,1,1,4,0,1,1,0,0,0,0,1,1,0,1,3,1,0,1,0,1,0,3,0,0,3,3,2,0,0,0,0,1,1,4,1,1,4,0,2,1,2,3,1,4,0,0,3,3,6,2,0,0,1,3,1,3,1,0,2,3,2,1,3,2,2,0,0,1,0,4,0,1,6,2,1,1,0,1,0,0,1,0,2,4,0,1,0,0,0,1,0,0,0,3,2,0,3,2,1,0,0,5,2,1,0,0,0,4,1,2,2,1,0,0,0,0,0,1,1,1,1,0,1,1,3,1,0,1,2,2,1,2,0,2,2,5,4,0,2,0,2,0,4,3,1,0,1,2,3,0,0,1,2,0,0,1,7,1,0,5,0,6,2,8,0,0,1,3,2,1,8,1,2,4,1,0,0,0,2,1,2,3,0,1,2,3,1,4,3,1,1,2,1,1,0,1,4,1,0,3,2,0,6,2,6,2,2,7,1,1,0,1,2,0,1,0,0,0,0,0,0,1,0,1,0,1,0,5,4,0,1,1,1,0,1,1,2,4,0,1,1,0,2,0,1,0,2,8,2,1
34,14,11,35,20,60,53,36,17,12,12,46,17,43,11,39,25,11,14,31,55,11,40,47,67,7,55,67,14,52,55,11,15,30,70,21,0,31,45,44,38,7,5,60,158,52,267,30,81,28,26,17,40,38,31,23,26,10,8,97,81,71,27,3,81,18,60,26,80,56,31,51,54,64,55,55,43,36,2,8,29,6,80,59,53,163,27,36,39,29,29,40,41,56,35,37,40,21,11,27,92,49,51,25,23,23,37,60,0,26,24,17,28,11,51,20,28,19,41,26,45,16,17,22,37,20,28,13,29,23,69,41,49,18,39,92,16,48,19,49,27,24,47,46,51,0,37,34,25,110,7,30,40,51,22,35,19,25,11,46,55,117,35,9,10,22,5,45,14,68,32,60,34,57,26,24,64,33,5,22,36,37,24,73,17,29,26,77,50,23,51,61,37,77,35,25,45,41,136,45,44,39,44,29,46,38,83,33,49,79,60,29,33,27,41,48,84,68,24,15,78,51,27,16,30,19,0,22,11,45,0,19,20,13,23,24,24,44,7,61,8,57,47,41,55,27,23,15,25,30,45,27,35,26,9,58,3,67,45,53,130,14,17
19,9,14,30,11,29,39,22,9,15,8,19,11,28,4,38,10,6,7,17,27,10,15,36,25,6,20,39,13,24,41,5,14,20,26,13,15,27,31,27,27,3,7,41,109,41,254,18,55,36,26,32,15,31,21,16,28,13,1,43,92,52,24,1,38,18,32,17,52,27,26,36,29,29,33,32,18,17,7,4,15,7,39,30,31,86,10,23,31,26,14,23,26,25,19,17,32,29,12,12,59,33,22,16,19,14,28,36,3,20,23,6,23,7,33,10,26,8,21,16,32,7,22,24,20,5,6,12,18,9,26,9,14,17,20,35,15,41,12,25,14,16,21,32,28,0,26,33,21,68,10,16,16,38,11,28,15,22,5,26,28,40,24,1,19,21,3,37,11,27,14,48,22,33,33,21,61,11,2,13,30,29,13,53,17,12,26,46,16,7,32,28,28,54,16,10,29,18,77,29,19,18,47,12,29,11,47,16,51,41,21,26,15,28,20,50,58,53,15,9,37,32,9,5,21,13,1,8,9,43,0,10,9,8,24,20,12,27,9,40,6,39,34,35,24,28,13,12,14,34,27,20,28,19,11,54,2,57,23,28,90,10,7
36,11,15,47,37,68,74,49,14,10,25,61,16,43,8,49,18,20,26,30,65,25,45,57,56,7,58,74,14,38,67,12,19,28,76,23,21,37,62,61,59,4,10,32,182,54,278,44,105,31,17,43,50,35,38,29,40,12,20,104,129,68,30,5,95,18,70,20,93,63,39,68,72,59,55,45,51,49,4,9,32,12,83,73,75,233,38,59,36,50,38,47,36,49,42,35,39,31,19,28,111,41,42,31,33,25,64,67,29,26,23,18,38,11,67,26,37,19,57,20,56,16,18,31,36,18,47,7,26,28,54,45,49,21,61,106,29,85,11,43,26,31,63,35,50,3,57,42,33,138,12,36,38,43,21,39,22,24,7,46,70,94,57,14,41,31,4,52,27,61,38,82,40,68,57,28,64,30,9,30,38,40,34,82,26,27,26,79,49,24,69,61,43,93,42,27,48,30,178,53,50,51,61,36,37,49,100,34,62,91,64,41,34,51,55,75,92,72,43,11,74,59,17,8,39,23,7,27,13,39,1,34,22,20,23,17,30,42,21,68,21,74,39,58,58,42,31,20,41,52,12,42,43,32,16,83,4,95,57,54,148,19,15
27,17,23,36,28,82,67,23,18,11,16,50,20,42,10,58,31,3,10,27,50,11,45,49,73,9,64,65,20,57,91,11,22,37,65,20,19,27,39,49,36,3,18,66,145,53,291,28,92,44,41,48,44,35,36,15,33,11,13,114,121,68,36,4,78,19,60,17,91,53,38,42,67,65,63,49,43,36,5,5,31,5,71,54,47,194,20,37,41,36,35,46,47,67,29,31,36,45,18,25,88,56,35,25,27,19,40,45,26,21,28,21,32,9,58,26,48,9,50,36,43,13,37,25,48,25,34,7,14,26,63,45,41,13,38,92,39,52,11,41,26,26,45,43,41,0,43,41,22,138,13,22,34,52,21,33,25,26,13,37,56,106,37,10,27,37,7,60,12,44,40,78,43,46,62,30,81,23,10,36,34,35,24,70,27,26,40,78,46,20,48,48,36,83,38,22,47,40,157,48,44,43,66,29,38,24,88,31,55,84,53,32,34,44,35,68,76,69,31,8,84,62,24,14,31,11,9,20,13,46,2,36,16,17,32,23,22,45,18,78,17,59,40,56,49,36,18,20,28,33,43,25,29,20,6,72,4,85,30,56,155,13,21
23,5,18,21,12,28,33,23,10,13,7,28,15,29,11,40,18,8,9,15,24,8,16,34,29,3,21,32,10,15,41,3,13,16,31,10,12,23,28,33,24,4,6,43,113,44,182,22,51,24,25,29,21,21,17,10,27,13,9,65,84,45,20,2,29,13,28,18,51,19,26,35,29,36,37,32,27,23,2,2,20,11,37,40,23,100,21,21,35,29,15,12,33,28,12,19,33,33,13,17,78,42,25,15,24,11,24,30,18,12,26,13,22,4,32,18,24,9,22,21,35,7,22,14,20,2,17,13,17,10,39,18,13,12,18,35,14,34,18,33,18,15,26,35,31,0,28,25,16,85,11,14,20,51,16,29,11,13,3,31,34,57,14,4,13,16,4,35,12,21,15,55,25,36,24,32,62,10,3,18,27,27,13,39,12,12,25,51,24,12,33,26,19,53,14,9,26,19,72,28,20,27,46,11,18,16,49,25,34,35,24,20,14,18,38,61,48,51,30,8,45,35,10,8,21,7,12,19,3,40,1,12,9,8,17,19,13,25,9,33,10,37,31,39,23,25,18,9,15,24,19,13,15,13,7,53,2,47,23,27,76,17,6
22,6,8,14,11,28,37,21,6,5,5,10,10,22,4,28,20,9,7,25,21,11,10,21,16,1,15,21,6,14,21,0,3,11,19,12,19,21,26,36,15,1,5,25,19,3,48,14,40,21,22,15,23,27,19,8,13,10,15,18,24,16,25,0,22,14,28,16,50,26,20,27,12,26,10,14,27,16,2,2,8,6,33,16,16,50,13,10,18,25,7,6,14,8,7,8,25,16,6,11,29,7,14,17,4,8,12,22,18,7,9,9,4,8,18,9,25,8,24,15,22,2,15,15,10,11,7,11,6,11,16,9,17,14,8,29,11,39,12,9,9,14,24,19,21,0,19,26,5,57,12,14,11,33,9,14,8,13,1,9,16,48,9,4,19,19,3,29,7,31,5,23,16,31,32,10,50,11,3,2,11,28,12,47,7,4,21,37,13,6,31,25,7,42,18,8,17,15,88,10,21,9,36,20,13,12,23,12,24,29,14,12,21,14,9,33,38,52,16,1,26,21,7,9,7,11,5,10,2,23,2,4,0,3,18,11,7,20,6,24,12,27,24,19,12,27,15,7,1,19,20,11,6,11,7,35,0,15,17,29,68,11,2
5,2,4,4,3,10,2,2,2,1,0,3,1,6,1,10,5,2,2,1,4,3,1,5,5,1,4,8,1,5,2,0,0,3,7,2,0,5,8,4,0,0,2,7,7,1,17,2,9,4,2,2,2,4,6,4,4,2,1,7,17,15,3,4,9,2,10,7,6,4,4,8,3,3,1,4,5,8,1,1,2,0,10,6,3,15,7,1,8,6,2,0,2,3,3,5,9,3,1,1,9,3,5,8,4,1,7,5,2,4,4,1,3,4,10,2,4,0,8,3,8,3,6,3,2,0,0,0,1,0,5,1,6,6,0,3,7,6,5,2,4,2,5,7,2,0,11,9,3,8,2,3,4,4,2,2,2,1,2,6,5,6,5,1,6,3,1,3,1,6,2,5,4,4,5,6,6,0,1,3,0,6,4,4,0,3,4,7,6,1,7,7,1,15,3,0,2,6,12,5,3,5,8,4,3,4,3,2,5,6,6,6,4,7,6,7,9,11,8,4,8,5,3,6,2,4,2,6,0,8,0,0,0,0,5,8,1,7,1,4,3,7,7,4,4,4,1,1,3,6,3,0,4,2,1,8,1,4,4,7,23,0,1
28,15,20,33,18,83,56,28,14,13,10,65,17,46,11,55,29,13,22,31,60,21,39,53,63,5,61,64,15,65,61,14,9,34,62,20,17,33,54,47,40,2,13,49,135,55,269,31,86,31,29,42,41,39,39,19,41,12,10,109,120,66,35,8,69,20,63,41,84,64,30,50,75,62,61,46,38,42,7,2,34,6,68,83,53,170,18,35,50,32,35,35,33,69,48,44,29,31,15,28,84,62,46,27,39,29,38,53,27,19,33,22,34,9,61,22,36,12,39,32,54,15,41,31,33,16,37,10,14,35,76,45,56,25,59,113,27,70,12,43,30,25,45,46,48,0,43,36,33,123,9,36,30,39,15,30,28,22,9,46,61,122,38,7,33,32,7,48,25,67,31,70,43,45,40,21,66,16,8,29,36,39,29,79,24,30,32,70,48,28,55,58,40,97,27,23,56,38,162,60,37,44,41,28,39,35,92,45,69,92,44,33,39,50,54,74,80,71,29,20,64,63,31,21,34,11,13,28,13,22,2,29,17,22,23,23,26,41,11,54,15,85,35,64,47,50,27,22,33,36,58,32,36,38,9,76,4,72,40,53,129,19,19
18,10,10,21,12,39,21,15,4,14,3,25,11,15,8,28,18,6,5,16,25,11,21,32,33,6,36,36,9,18,42,1,15,11,22,13,12,27,20,23,18,1,11,31,101,38,180,19,37,21,15,31,18,25,20,13,12,8,3,51,76,26,21,0,41,15,28,8,39,24,17,19,31,30,22,30,16,20,3,0,17,2,33,54,30,87,10,18,32,21,16,17,23,26,14,17,24,17,8,13,53,49,22,17,18,6,30,30,15,12,14,10,11,5,29,16,19,11,26,16,25,6,12,11,17,4,15,11,5,10,36,18,20,16,36,41,9,34,9,30,10,20,32,24,24,1,19,21,16,55,8,13,14,31,11,27,15,14,4,24,29,56,13,6,13,9,6,35,11,31,16,44,24,28,21,12,39,12,2,8,3,16,9,41,5,13,15,38,24,12,22,27,24,53,10,11,19,24,78,20,16,17,30,9,18,12,28,20,27,43,24,19,19,21,25,38,53,30,14,9,36,28,16,9,17,12,5,17,5,21,0,12,10,11,16,14,8,22,14,40,10,39,17,28,22,26,16,11,21,14,25,10,14,16,6,52,2,40,15,25,62,10,5
11,12,10,19,11,71,22,14,11,8,1,17,8,19,4,29,19,11,7,18,40,9,22,32,32,2,33,39,11,27,39,3,12,9,40,13,6,30,25,22,24,0,8,34,78,16,145,15,48,23,15,28,34,26,18,9,22,6,15,57,58,37,28,1,47,18,33,23,51,37,17,32,37,46,34,25,29,26,1,4,21,5,50,37,38,132,16,29,14,18,27,24,26,50,29,30,24,18,9,11,62,27,25,11,28,9,20,36,16,12,10,8,13,7,41,14,20,9,28,21,19,6,24,14,23,6,18,5,14,20,51,34,29,8,32,75,9,39,9,31,18,15,36,32,27,0,28,19,18,81,8,18,21,24,10,24,12,21,2,33,33,74,25,9,25,13,2,32,12,46,20,38,22,26,28,16,38,11,2,19,23,24,15,45,11,23,22,55,25,17,24,33,26,46,25,8,32,23,101,30,26,18,36,21,28,20,46,23,39,60,31,25,18,22,29,47,52,36,17,10,34,34,14,9,26,5,9,11,12,34,3,19,11,14,14,8,8,30,15,30,5,52,16,31,31,26,20,6,26,24,33,16,14,19,7,51,3,41,16,31,53,11,12
31,13,19,53,28,99,62,41,14,10,2,56,23,42,14,55,31,13,9,31,55,17,37,64,73,8,51,62,22,64,78,7,28,27,59,25,29,27,72,63,38,3,15,45,129,46,277,37,103,37,35,41,54,55,40,16,48,12,22,115,111,68,48,8,75,21,69,46,102,65,40,56,65,77,61,43,42,49,6,6,36,7,72,81,72,236,36,50,43,38,27,48,38,72,47,43,45,45,25,26,108,62,51,36,31,18,46,62,19,22,32,14,32,12,60,34,41,20,42,36,52,13,29,26,41,16,37,13,29,32,72,41,53,19,57,122,26,67,14,46,27,38,67,45,43,0,48,48,41,115,17,39,29,63,21,35,26,38,10,38,60,46,46,8,35,30,11,63,24,55,39,63,46,55,64,26,79,25,11,28,44,37,25,75,22,31,36,70,37,29,51,51,44,101,33,28,60,42,185,54,39,41,51,21,45,35,101,35,72,90,67,43,32,54,56,82,81,74,39,16,72,51,30,16,32,21,13,26,8,50,0,30,17,25,31,19,27,50,20,84,14,69,48,58,44,44,22,18,41,40,51,28,43,29,7,81,2,84,41,55,119,22,19
35,5,20,52,30,96,69,37,10,11,15,50,23,57,15,53,33,10,12,30,61,15,35,65,80,12,35,65,16,60,71,11,27,25,85,24,30,48,54,63,40,10,12,50,148,54,258,28,107,34,26,42,48,39,38,27,53,16,15,111,113,57,36,6,79,29,48,34,103,66,25,58,71,71,46,50,48,56,9,9,34,6,92,69,54,223,24,33,51,52,35,34,52,66,47,41,47,47,19,32,104,46,38,29,35,24,49,70,33,27,34,16,33,8,56,25,44,12,55,36,49,9,38,20,34,17,27,17,33,34,71,36,49,25,46,147,37,75,12,59,21,29,51,66,53,0,47,35,31,117,18,42,26,49,18,31,22,27,10,42,65,24,45,8,26,34,8,62,23,61,34,71,35,53,57,22,70,20,6,30,39,47,27,80,25,29,47,63,41,32,65,57,46,98,30,19,59,29,168,69,39,35,73,27,27,31,83,45,67,91,57,31,35,59,55,80,80,76,42,14,79,57,30,15,39,8,12,19,10,62,1,34,15,26,32,20,29,48,18,80,20,50,43,61,57,39,23,15,46,50,55,35,42,38,10,80,4,68,36,47,141,13,19
23,0,6,31,23,49,63,28,12,9,12,18,14,44,9,37,17,9,12,6,16,14,22,34,13,1,19,25,9,21,47,1,4,15,37,20,17,27,34,53,20,6,11,55,16,10,61,15,66,30,37,17,26,50,26,10,27,7,16,32,35,28,36,3,57,13,44,13,55,29,28,27,23,31,16,18,46,37,7,9,11,5,51,37,19,109,11,9,35,26,7,7,19,23,14,14,31,21,13,10,42,13,31,23,11,9,30,17,27,21,12,8,23,8,28,13,41,11,28,24,28,10,34,12,23,9,6,9,13,6,26,20,15,20,16,48,19,48,7,16,11,18,27,40,22,1,23,24,11,104,15,24,13,30,10,16,13,13,4,10,35,29,25,3,28,25,5,32,4,33,6,21,24,44,48,19,61,20,5,1,30,40,18,67,10,11,32,55,21,14,40,57,18,62,33,10,21,24,108,29,24,24,32,26,20,21,36,18,40,46,21,30,15,24,15,44,54,57,32,14,41,23,11,12,25,2,19,29,5,34,2,1,6,8,25,15,15,36,6,35,13,30,41,22,22,19,6,12,5,40,48,17,13,31,12,43,1,22,25,50,69,14,10
22,4,14,26,17,51,74,40,12,9,8,7,13,25,11,39,31,6,12,0,24,17,28,30,10,7,14,14,12,13,31,1,2,21,42,23,13,29,32,53,19,1,5,30,28,3,55,20,74,25,19,8,18,37,18,7,18,5,31,44,55,48,21,3,37,15,34,24,48,21,20,0,29,47,18,20,26,44,1,2,5,10,64,23,12,104,15,9,21,21,3,2,14,11,6,12,20,13,41,8,73,17,18,29,5,6,20,33,32,29,25,4,22,6,14,14,21,9,37,22,37,13,22,2,28,15,11,9,9,7,25,26,23,24,10,39,12,48,13,11,12,6,16,12,47,1,17,27,7,61,18,20,7,46,6,13,5,12,4,18,32,41,27,11,22,16,5,27,7,47,10,30,18,40,42,11,45,15,14,0,7,24,12,52,9,22,23,50,7,2,33,37,7,48,25,6,21,20,84,16,22,21,26,10,16,18,17,11,24,40,16,28,22,20,20,45,55,46,22,9,33,21,8,8,10,2,14,18,2,42,1,3,3,6,32,17,6,31,8,26,24,25,24,31,20,18,13,3,8,20,39,25,15,18,6,23,0,29,19,52,103,17,11
32,14,18,44,31,69,54,33,11,13,9,52,20,48,10,47,24,5,15,10,54,21,40,59,67,5,51,68,17,45,53,7,21,31,58,16,26,34,44,53,39,2,12,49,152,60,242,40,86,45,21,36,40,34,46,15,32,19,15,96,122,62,30,5,67,32,63,40,93,54,38,13,63,70,59,48,30,35,2,12,34,13,72,76,58,176,24,49,40,48,39,33,43,57,44,33,42,39,13,25,104,54,50,21,35,23,46,68,25,15,34,11,35,11,59,19,25,14,47,19,57,17,31,18,40,18,27,13,30,32,84,36,43,29,54,140,31,78,15,38,24,30,56,46,50,0,31,35,38,98,19,29,30,62,21,33,14,31,8,37,65,58,32,4,38,29,6,56,23,47,32,74,37,51,46,24,66,16,6,25,25,33,31,76,22,28,35,43,42,23,41,49,38,85,37,22,59,30,157,58,55,45,76,1,44,46,83,36,63,91,60,45,24,57,45,58,70,69,31,18,64,56,27,24,29,7,17,22,15,37,3,25,17,25,28,20,19,54,18,63,16,68,16,70,55,40,16,20,43,39,42,30,31,27,5,82,4,67,39,32,103,14,21
30,23,15,48,37,102,60,47,7,18,23,63,27,61,14,63,28,17,14,42,56,25,53,68,79,8,63,89,17,66,64,7,22,29,75,32,26,43,64,63,39,8,15,64,147,64,320,44,128,46,37,41,49,59,42,20,52,13,24,96,104,66,44,7,77,31,56,34,103,65,41,67,83,73,63,60,39,46,4,6,39,10,93,76,62,221,33,50,48,50,39,43,45,67,48,46,54,39,21,37,118,64,45,37,40,32,54,69,39,28,36,19,27,15,58,28,40,18,47,30,59,14,43,37,44,21,31,11,30,26,75,45,68,23,58,98,28,60,14,43,29,32,70,44,71,1,49,40,44,140,13,30,43,73,20,34,22,37,18,39,76,119,52,10,39,29,5,43,33,50,39,61,55,56,58,30,70,21,9,23,41,43,26,102,26,40,44,82,37,28,68,58,41,95,30,24,48,45,192,72,42,39,64,4,47,35,99,48,77,98,67,40,42,57,59,83,76,68,32,21,79,54,39,19,38,29,17,35,13,64,4,30,18,30,37,34,27,54,25,68,23,67,39,61,55,53,29,25,48,49,60,36,38,28,14,95,2,101,32,67,130,14,19
29,18,16,37,28,73,79,33,18,37,18,71,19,44,15,67,28,15,19,30,66,26,44,54,71,12,60,74,20,56,70,7,17,25,82,21,29,44,57,76,51,3,14,61,150,63,248,44,104,43,37,48,48,56,42,27,41,12,20,118,136,66,37,5,77,31,82,46,119,78,50,66,81,84,64,51,45,46,3,17,35,13,108,85,57,219,39,43,45,52,36,49,48,51,61,45,57,44,23,29,114,61,55,31,52,26,59,67,25,12,36,18,40,15,63,27,43,16,60,30,67,20,33,27,29,16,38,17,27,31,93,50,49,28,56,113,31,66,19,43,38,40,76,62,41,0,55,40,32,145,20,32,33,70,20,36,25,30,11,49,61,131,51,23,44,32,9,68,23,71,43,89,50,55,57,27,82,27,12,15,35,41,26,85,37,36,35,91,49,31,52,65,40,90,44,31,56,41,198,44,51,71,67,40,42,49,109,46,60,100,78,47,48,46,52,73,100,82,41,21,79,68,33,19,46,44,28,28,15,52,3,25,15,32,40,36,40,51,15,83,21,67,39,52,52,42,36,25,47,45,48,37,38,29,10,77,4,95,33,38,142,15,18
13,14,12,40,32,86,46,36,8,27,18,49,9,45,7,44,22,11,15,17,67,19,43,46,63,5,41,64,14,49,47,9,12,17,56,15,19,34,42,58,37,7,9,54,82,35,140,34,79,35,26,42,30,40,37,14,37,9,19,104,84,50,35,6,51,20,51,22,69,52,31,53,54,56,62,37,37,32,2,8,24,13,57,49,52,203,17,46,29,33,18,36,23,76,28,28,23,19,20,28,74,40,38,20,35,26,44,45,26,25,26,18,31,13,61,19,38,12,52,33,46,11,25,24,21,14,34,11,20,26,77,37,51,12,47,102,22,50,18,38,32,21,54,41,44,0,46,38,30,148,17,17,25,31,18,27,14,25,10,32,53,115,35,10,26,28,7,38,17,49,24,39,45,45,44,19,54,19,5,20,26,30,22,76,24,32,24,67,46,18,47,43,36,90,30,15,49,33,132,53,41,29,47,26,43,23,90,40,54,69,65,36,34,42,40,66,78,55,26,9,72,45,33,15,31,26,15,20,9,39,2,25,22,19,20,15,15,47,18,70,21,70,41,45,35,46,29,11,33,45,43,22,24,19,13,65,5,61,34,46,98,18,13
28,12,14,31,23,69,51,25,12,28,16,48,16,44,13,55,14,15,11,32,45,20,37,57,74,8,34,57,9,50,59,9,18,22,53,20,14,40,42,50,44,7,11,60,119,39,251,34,95,38,32,48,40,36,30,25,42,14,12,90,100,51,39,4,67,21,48,38,88,45,26,45,56,66,43,43,40,37,5,6,31,8,58,77,48,159,26,38,37,50,34,36,49,60,50,41,47,41,22,18,108,61,46,21,33,15,42,57,18,11,36,16,26,15,49,20,34,20,47,36,44,7,37,25,28,11,22,10,22,27,57,36,51,29,50,95,23,46,24,57,22,36,60,53,46,0,40,33,29,132,17,21,34,55,19,28,19,31,10,41,64,87,37,12,31,25,11,50,18,42,29,66,33,53,37,21,65,15,7,33,35,40,26,74,20,25,38,67,43,20,60,41,35,78,26,18,41,40,155,47,37,46,52,31,43,29,80,37,59,85,60,35,35,45,46,74,82,73,36,12,65,46,23,18,44,27,25,19,9,40,0,23,19,20,28,24,26,46,17,66,19,57,33,50,44,32,36,17,38,43,64,29,31,29,11,53,3,97,36,52,104,16,12
2,2,6,6,2,5,10,8,5,4,5,7,5,16,1,15,5,1,2,8,6,6,7,11,5,0,5,30,5,5,10,0,1,6,9,4,2,10,14,7,12,0,3,20,10,1,33,4,15,10,9,7,2,3,6,1,13,4,8,16,13,7,13,1,17,5,10,3,10,5,8,13,5,13,5,6,10,11,0,4,7,1,10,11,5,30,4,3,7,10,3,2,6,14,2,6,9,8,3,4,9,4,6,5,1,3,8,6,2,6,7,3,6,0,10,4,11,0,9,5,15,2,4,9,7,4,3,4,4,2,7,3,5,8,10,11,6,19,2,5,9,10,7,17,8,0,6,6,2,21,6,4,5,14,5,9,1,7,0,3,12,14,8,2,9,10,1,10,0,9,3,8,10,10,12,7,17,3,2,0,6,6,5,22,2,3,15,12,3,3,12,14,5,19,15,1,4,6,23,4,6,2,11,5,5,4,4,8,16,17,7,4,4,5,7,20,27,19,4,5,7,12,4,1,8,18,5,5,0,10,1,0,1,4,11,4,0,8,3,13,5,17,12,8,6,2,3,1,4,13,6,8,6,8,1,16,1,6,10,11,18,6,3
0,2,1,2,5,9,6,3,1,4,2,2,3,1,1,3,4,0,0,2,2,1,3,11,0,0,2,1,0,1,4,0,2,1,2,2,0,3,1,8,2,0,0,4,3,1,12,1,8,7,0,3,0,9,2,0,3,0,0,4,12,7,4,0,5,4,5,1,6,3,2,4,2,5,1,3,8,6,0,1,1,4,4,2,5,8,2,4,4,0,0,0,1,0,1,0,6,2,0,0,8,4,3,1,3,0,3,2,4,5,0,1,2,1,3,5,4,1,3,3,1,1,3,3,2,1,0,0,3,3,4,2,1,2,1,4,4,5,3,0,0,4,3,4,2,0,6,1,3,15,0,3,3,6,1,4,3,1,0,2,5,3,5,1,4,1,0,2,0,5,1,6,6,4,9,3,2,0,0,1,4,5,2,4,1,1,1,2,0,2,4,6,0,6,4,1,2,2,20,1,5,2,6,3,1,2,4,3,2,7,2,0,2,3,2,3,5,5,0,0,4,4,1,1,5,4,0,2,0,5,0,0,0,0,2,2,4,4,3,4,3,5,1,3,3,3,1,0,0,5,5,1,0,1,2,6,0,2,1,1,0,0,1
13,11,17,23,21,80,27,24,6,15,5,36,11,28,4,42,16,2,10,18,72,11,32,38,43,4,46,47,9,51,25,3,15,10,58,8,0,23,27,31,23,2,7,34,48,32,90,20,60,22,18,35,27,25,28,15,23,3,11,97,51,30,22,4,50,15,37,23,63,34,24,31,41,42,57,27,31,28,1,5,21,2,62,34,28,119,18,30,18,12,18,24,22,26,29,19,25,24,9,20,65,24,26,13,25,26,32,27,7,15,16,8,15,2,38,18,24,7,31,13,42,5,17,9,29,11,21,4,13,14,61,29,41,12,38,64,9,32,8,26,33,21,54,25,27,0,21,17,27,81,11,11,19,26,8,20,11,8,7,24,47,105,30,7,31,18,4,30,19,39,38,32,30,35,33,13,34,11,2,20,23,21,22,45,17,21,23,35,32,15,34,34,33,50,19,15,30,32,121,43,30,25,37,20,25,19,56,30,30,68,45,17,29,30,40,34,58,49,5,9,42,30,25,11,19,27,11,18,8,18,1,3,10,10,15,11,12,43,14,45,9,52,17,39,42,21,16,7,28,28,1,23,17,16,4,44,2,49,19,24,53,0,10
40,14,21,56,35,116,59,41,10,37,17,60,23,55,18,57,29,9,10,43,70,31,59,60,84,7,55,93,22,68,67,6,22,25,74,25,24,43,54,76,43,6,16,67,167,50,295,46,112,49,39,57,62,53,54,23,47,8,20,120,119,75,50,10,93,37,74,40,120,70,60,80,86,86,72,46,50,53,3,8,37,8,86,74,50,247,35,49,42,63,36,39,50,67,42,39,55,45,28,25,109,51,47,26,44,26,55,61,37,26,38,20,45,11,55,27,42,21,53,34,68,13,34,35,35,27,39,11,20,27,76,51,59,21,64,100,35,81,18,49,31,46,71,49,51,0,51,64,44,141,19,31,36,67,21,35,21,41,15,43,69,137,59,9,36,31,5,47,30,67,37,77,60,63,55,21,85,25,8,34,47,49,36,101,35,39,48,78,46,22,60,51,54,95,37,21,69,58,202,73,48,46,63,43,34,42,110,57,72,116,77,43,37,57,58,72,98,63,20,19,74,62,28,24,52,42,19,34,14,61,3,23,23,18,30,25,21,58,18,82,25,81,58,55,69,41,25,26,40,52,56,38,43,40,7,83,7,97,37,47,120,29,19
37,12,22,44,37,85,63,40,9,40,14,56,18,45,14,64,19,11,11,39,62,21,49,58,65,8,52,67,19,65,58,7,25,30,72,19,19,44,61,75,49,7,10,65,164,68,240,37,120,47,22,55,48,41,47,11,43,15,20,114,115,77,44,6,94,36,53,37,97,48,43,71,66,74,70,61,58,41,5,11,42,11,60,70,59,202,30,51,49,45,33,43,48,66,44,47,48,49,29,29,84,39,41,22,38,18,45,45,33,19,33,17,46,9,76,27,32,18,54,40,66,11,36,24,33,19,28,12,31,29,85,56,73,21,65,107,19,58,22,56,28,32,63,45,53,0,36,54,42,122,18,31,30,75,18,32,21,33,15,37,77,121,42,7,39,42,9,49,35,67,36,87,40,46,59,23,71,22,10,35,34,42,33,92,16,33,43,87,63,31,51,45,37,112,37,32,63,45,184,56,47,57,59,30,50,35,106,46,73,92,66,37,36,53,46,75,91,22,29,15,64,63,30,22,43,47,19,28,13,41,4,35,24,29,38,33,25,44,19,94,18,61,35,57,64,43,29,21,45,46,69,41,36,38,6,73,6,57,37,43,134,24,9
33,17,25,33,39,90,97,53,12,40,11,75,27,41,13,47,37,15,12,25,58,33,44,60,72,5,64,85,17,50,61,4,26,47,70,29,30,46,64,54,52,3,18,82,172,52,338,36,116,51,37,49,56,54,67,17,65,9,24,110,81,67,40,8,74,35,65,38,100,62,46,67,80,74,69,62,55,45,6,11,34,15,85,86,57,244,26,50,38,55,36,43,53,74,48,56,55,40,23,28,123,68,48,32,45,27,54,66,39,19,8,27,53,4,72,33,45,19,63,30,74,21,40,38,32,21,43,18,27,32,85,59,54,33,79,100,22,86,15,51,31,36,74,49,51,1,37,47,40,169,16,34,49,57,20,41,25,36,10,39,78,124,46,9,25,25,6,63,29,55,39,100,44,53,61,32,82,26,15,27,49,53,35,97,33,30,59,95,42,34,52,64,49,94,35,23,59,49,179,73,42,45,57,31,43,37,79,48,81,114,68,41,37,46,56,72,87,77,44,17,63,66,35,20,50,37,18,26,12,45,3,23,20,28,31,28,26,52,18,75,31,67,44,58,59,45,27,30,51,46,69,34,36,24,9,92,5,89,44,54,125,16,22
39,25,20,51,29,96,63,53,15,33,17,63,15,45,13,55,33,11,22,37,55,28,51,57,78,15,41,53,12,64,65,10,26,21,49,22,22,38,60,63,50,5,10,56,134,60,294,41,102,40,34,52,45,42,43,24,58,14,22,127,130,72,48,4,88,24,60,37,90,57,44,65,75,71,61,50,47,55,4,7,33,8,75,38,59,195,23,51,49,60,35,41,56,72,43,46,58,43,26,22,131,46,43,32,45,23,61,62,34,29,11,22,45,10,59,28,47,16,48,36,55,15,29,34,36,23,34,15,32,30,79,47,49,35,52,108,27,77,25,45,28,26,63,58,61,0,41,38,33,153,17,31,28,65,27,30,12,40,10,44,61,136,50,9,33,29,5,59,22,62,32,83,52,51,58,33,76,23,10,30,40,53,41,90,30,39,43,72,39,21,65,57,53,100,39,29,48,41,175,75,53,40,54,29,42,30,92,41,72,100,62,36,36,45,55,81,73,83,43,16,78,62,28,27,43,38,19,33,13,32,1,31,8,17,37,30,24,46,24,79,17,58,28,45,55,55,28,17,38,43,49,34,38,31,14,84,7,82,34,44,108,26,19
4,0,0,1,4,6,4,1,1,6,0,2,2,3,1,12,1,0,2,5,1,2,2,7,4,0,2,13,1,1,2,0,1,3,3,1,0,5,5,5,4,0,1,5,1,1,8,3,6,13,0,8,3,4,7,4,3,1,0,5,8,3,5,1,8,1,3,0,10,4,1,5,4,6,1,4,8,3,0,0,2,0,4,9,1,15,0,3,5,6,2,1,2,5,2,1,3,1,0,1,6,2,4,2,3,2,4,3,2,6,1,0,1,0,3,2,3,4,7,3,11,0,3,4,2,1,1,1,0,2,5,2,1,2,2,7,4,8,2,1,2,3,4,11,3,0,5,3,5,8,0,3,1,1,1,3,2,4,1,1,3,4,3,0,4,1,0,8,0,3,1,4,1,3,6,3,8,1,0,0,8,2,2,11,0,0,6,5,1,1,4,2,1,14,2,1,3,4,14,2,2,7,5,1,7,3,5,4,5,10,0,1,1,1,3,9,9,6,4,3,2,6,3,5,3,3,1,5,1,5,0,0,0,0,5,2,1,3,1,3,3,3,1,3,4,12,0,0,0,1,13,3,7,0,2,8,0,2,3,7,10,3,0
11,4,9,17,14,23,15,22,11,10,7,14,12,17,1,18,13,5,4,12,10,5,9,20,8,2,11,21,1,9,7,0,3,10,32,13,8,8,31,26,10,6,4,23,9,3,42,8,44,23,8,8,9,21,12,13,23,3,10,23,24,22,25,0,29,8,14,3,37,8,15,13,14,0,6,12,26,25,1,7,6,4,35,18,8,70,8,9,16,10,0,3,3,14,2,13,17,11,10,6,28,9,14,20,3,1,17,16,12,10,12,7,15,2,19,9,13,3,16,20,27,8,10,17,12,6,3,4,15,5,15,8,12,13,5,14,9,28,1,7,3,13,13,12,16,1,20,14,6,3,4,13,8,27,5,17,1,11,1,14,18,34,21,11,18,8,4,13,3,17,4,16,15,10,26,11,23,3,3,1,5,25,11,23,5,5,15,35,10,2,18,27,5,30,5,1,12,17,73,17,15,13,19,12,10,8,14,6,18,32,9,13,20,25,10,34,33,32,16,2,23,11,3,4,6,16,9,14,2,22,7,1,4,5,16,17,4,17,8,36,15,18,15,11,12,20,6,1,5,21,19,8,10,13,7,20,0,15,12,22,55,5,4
